greedy, DPC_GREEDY_VS_BASELINE_OM, 1, {"Termination_parameter":0 "Gamma":0 "Epsilon":0 "Ucb_c":0 "Rollout_capture":0 "Termination_func_param":0 "POMCP_name":"" "Prior_hybrid":null "Selection_hybrid":null "Rollout_selection":null "Early_playout_termination":null "Opponent_modelling":false "OM_Threshold":0}, {"Termination_parameter":1000 "Gamma":0.95 "Epsilon":0.05 "Ucb_c":5 "Rollout_capture":0 "Termination_func_param":0 "POMCP_name":"DPC_GREEDY_VS_BASELINE_OM" "Prior_hybrid":null "Selection_hybrid":null "Rollout_selection":null "Early_playout_termination":null "Opponent_modelling":true "OM_Threshold":0.2}, [{1 6 false} {20 15 false} {3 8 false} {15 10 false} {2 7 false} {24 19 false} {6 10 true} {19 14 false} {8 14 true} {22 17 false} {0 5 false} {17 12 false} {10 15 false} {21 15 true} {5 10 false} {23 18 false} {14 18 true}], [0 41439 0 54430 0 64238 0 86913 0 140883 0 172358 0 223405 0 539369 0], [0 5 0 13 0 6 0 4 0 2 0 3 0 2 0 1 0] 
greedy, DPC_GREEDY_VS_BASELINE_OM, 0, {"Termination_parameter":0 "Gamma":0 "Epsilon":0 "Ucb_c":0 "Rollout_capture":0 "Termination_func_param":0 "POMCP_name":"" "Prior_hybrid":null "Selection_hybrid":null "Rollout_selection":null "Early_playout_termination":null "Opponent_modelling":false "OM_Threshold":0}, {"Termination_parameter":1000 "Gamma":0.95 "Epsilon":0.05 "Ucb_c":5 "Rollout_capture":0 "Termination_func_param":0 "POMCP_name":"DPC_GREEDY_VS_BASELINE_OM" "Prior_hybrid":null "Selection_hybrid":null "Rollout_selection":null "Early_playout_termination":null "Opponent_modelling":true "OM_Threshold":0.2}, [{2 7 false} {20 15 false} {1 6 false} {15 10 false} {3 8 false} {24 19 false} {6 10 true} {19 14 false} {8 14 true} {22 17 false} {0 5 false} {17 12 false} {14 19 false} {23 19 true} {4 9 false} {19 14 false} {10 15 false} {21 15 true} {5 10 false}], [0 46800 0 56299 0 66476 0 88695 0 138721 0 173737 0 223742 0 353825 0 685200 0], [0 5 0 13 0 6 0 4 0 2 0 3 0 2 0 1 0 1 0] 
greedy, DPC_GREEDY_VS_BASELINE_OM, -1, {"Termination_parameter":0 "Gamma":0 "Epsilon":0 "Ucb_c":0 "Rollout_capture":0 "Termination_func_param":0 "POMCP_name":"" "Prior_hybrid":null "Selection_hybrid":null "Rollout_selection":null "Early_playout_termination":null "Opponent_modelling":false "OM_Threshold":0}, {"Termination_parameter":1000 "Gamma":0.95 "Epsilon":0.05 "Ucb_c":5 "Rollout_capture":0 "Termination_func_param":0 "POMCP_name":"DPC_GREEDY_VS_BASELINE_OM" "Prior_hybrid":null "Selection_hybrid":null "Rollout_selection":null "Early_playout_termination":null "Opponent_modelling":true "OM_Threshold":0.2}, [{3 8 false} {20 15 false} {1 6 false} {15 10 false} {2 7 false} {24 19 false} {0 5 false} {10 6 true} {4 9 false} {6 1 false}], [0 46250 0 57080 0 65996 0 67772 0 167515], [0 5 0 13 0 6 0 4 0 6] 
greedy, DPC_GREEDY_VS_BASELINE_OM, -1, {"Termination_parameter":0 "Gamma":0 "Epsilon":0 "Ucb_c":0 "Rollout_capture":0 "Termination_func_param":0 "POMCP_name":"" "Prior_hybrid":null "Selection_hybrid":null "Rollout_selection":null "Early_playout_termination":null "Opponent_modelling":false "OM_Threshold":0}, {"Termination_parameter":1000 "Gamma":0.95 "Epsilon":0.05 "Ucb_c":5 "Rollout_capture":0 "Termination_func_param":0 "POMCP_name":"DPC_GREEDY_VS_BASELINE_OM" "Prior_hybrid":null "Selection_hybrid":null "Rollout_selection":null "Early_playout_termination":null "Opponent_modelling":true "OM_Threshold":0.2}, [{3 8 false} {20 15 false} {1 6 false} {15 10 false} {2 7 false} {24 19 false} {0 5 false} {10 6 true} {5 10 false} {6 1 false}], [0 47399 0 56800 0 63654 0 67332 0 186386], [0 5 0 13 0 6 0 4 0 6] 
greedy, DPC_GREEDY_VS_BASELINE_OM, -1, {"Termination_parameter":0 "Gamma":0 "Epsilon":0 "Ucb_c":0 "Rollout_capture":0 "Termination_func_param":0 "POMCP_name":"" "Prior_hybrid":null "Selection_hybrid":null "Rollout_selection":null "Early_playout_termination":null "Opponent_modelling":false "OM_Threshold":0}, {"Termination_parameter":1000 "Gamma":0.95 "Epsilon":0.05 "Ucb_c":5 "Rollout_capture":0 "Termination_func_param":0 "POMCP_name":"DPC_GREEDY_VS_BASELINE_OM" "Prior_hybrid":null "Selection_hybrid":null "Rollout_selection":null "Early_playout_termination":null "Opponent_modelling":true "OM_Threshold":0.2}, [{1 6 false} {20 15 false} {2 7 false} {15 10 false} {3 8 false} {24 19 false} {0 5 false} {10 6 true} {8 13 false} {6 1 false}], [0 47584 0 56900 0 67763 0 68266 0 512969], [0 5 0 13 0 6 0 4 0 1] 
greedy, DPC_GREEDY_VS_BASELINE_OM, -1, {"Termination_parameter":0 "Gamma":0 "Epsilon":0 "Ucb_c":0 "Rollout_capture":0 "Termination_func_param":0 "POMCP_name":"" "Prior_hybrid":null "Selection_hybrid":null "Rollout_selection":null "Early_playout_termination":null "Opponent_modelling":false "OM_Threshold":0}, {"Termination_parameter":1000 "Gamma":0.95 "Epsilon":0.05 "Ucb_c":5 "Rollout_capture":0 "Termination_func_param":0 "POMCP_name":"DPC_GREEDY_VS_BASELINE_OM" "Prior_hybrid":null "Selection_hybrid":null "Rollout_selection":null "Early_playout_termination":null "Opponent_modelling":true "OM_Threshold":0.2}, [{3 8 false} {20 15 false} {2 7 false} {15 10 false} {1 6 false} {24 19 false} {0 5 false} {10 6 true} {8 13 false} {6 1 false}], [0 47947 0 57595 0 66545 0 68611 0 521345], [0 5 0 13 0 6 0 4 0 1] 
greedy, DPC_GREEDY_VS_BASELINE_OM, 0, {"Termination_parameter":0 "Gamma":0 "Epsilon":0 "Ucb_c":0 "Rollout_capture":0 "Termination_func_param":0 "POMCP_name":"" "Prior_hybrid":null "Selection_hybrid":null "Rollout_selection":null "Early_playout_termination":null "Opponent_modelling":false "OM_Threshold":0}, {"Termination_parameter":1000 "Gamma":0.95 "Epsilon":0.05 "Ucb_c":5 "Rollout_capture":0 "Termination_func_param":0 "POMCP_name":"DPC_GREEDY_VS_BASELINE_OM" "Prior_hybrid":null "Selection_hybrid":null "Rollout_selection":null "Early_playout_termination":null "Opponent_modelling":true "OM_Threshold":0.2}, [{3 8 false} {20 15 false} {1 6 false} {15 10 false} {2 7 false} {24 19 false} {6 10 true} {23 18 false} {0 5 false} {19 14 false} {8 14 true} {18 14 true} {10 15 false} {21 15 true} {7 12 false} {15 10 false} {12 17 false} {14 9 false}], [0 48266 0 59646 0 66744 0 90269 0 93165 0 132301 0 249616 0 428378 0 1176896], [0 5 0 13 0 6 0 4 0 4 0 3 0 1 0 1 0 1] 
greedy, DPC_GREEDY_VS_BASELINE_OM, -1, {"Termination_parameter":0 "Gamma":0 "Epsilon":0 "Ucb_c":0 "Rollout_capture":0 "Termination_func_param":0 "POMCP_name":"" "Prior_hybrid":null "Selection_hybrid":null "Rollout_selection":null "Early_playout_termination":null "Opponent_modelling":false "OM_Threshold":0}, {"Termination_parameter":1000 "Gamma":0.95 "Epsilon":0.05 "Ucb_c":5 "Rollout_capture":0 "Termination_func_param":0 "POMCP_name":"DPC_GREEDY_VS_BASELINE_OM" "Prior_hybrid":null "Selection_hybrid":null "Rollout_selection":null "Early_playout_termination":null "Opponent_modelling":true "OM_Threshold":0.2}, [{2 7 false} {20 15 false} {3 8 false} {15 10 false} {1 6 false} {24 19 false} {0 5 false} {10 6 true} {7 12 false} {6 1 false}], [0 47973 0 58305 0 68377 0 67497 0 255843], [0 5 0 13 0 6 0 4 0 6] 
greedy, DPC_GREEDY_VS_BASELINE_OM, -1, {"Termination_parameter":0 "Gamma":0 "Epsilon":0 "Ucb_c":0 "Rollout_capture":0 "Termination_func_param":0 "POMCP_name":"" "Prior_hybrid":null "Selection_hybrid":null "Rollout_selection":null "Early_playout_termination":null "Opponent_modelling":false "OM_Threshold":0}, {"Termination_parameter":1000 "Gamma":0.95 "Epsilon":0.05 "Ucb_c":5 "Rollout_capture":0 "Termination_func_param":0 "POMCP_name":"DPC_GREEDY_VS_BASELINE_OM" "Prior_hybrid":null "Selection_hybrid":null "Rollout_selection":null "Early_playout_termination":null "Opponent_modelling":true "OM_Threshold":0.2}, [{3 8 false} {20 15 false} {1 6 false} {15 10 false} {2 7 false} {24 19 false} {0 5 false} {10 6 true} {7 12 false} {6 1 false}], [0 48511 0 57418 0 68043 0 67289 0 261319], [0 5 0 13 0 6 0 4 0 6] 
greedy, DPC_GREEDY_VS_BASELINE_OM, -1, {"Termination_parameter":0 "Gamma":0 "Epsilon":0 "Ucb_c":0 "Rollout_capture":0 "Termination_func_param":0 "POMCP_name":"" "Prior_hybrid":null "Selection_hybrid":null "Rollout_selection":null "Early_playout_termination":null "Opponent_modelling":false "OM_Threshold":0}, {"Termination_parameter":1000 "Gamma":0.95 "Epsilon":0.05 "Ucb_c":5 "Rollout_capture":0 "Termination_func_param":0 "POMCP_name":"DPC_GREEDY_VS_BASELINE_OM" "Prior_hybrid":null "Selection_hybrid":null "Rollout_selection":null "Early_playout_termination":null "Opponent_modelling":true "OM_Threshold":0.2}, [{2 7 false} {20 15 false} {3 8 false} {15 10 false} {1 6 false} {24 19 false} {0 5 false} {10 6 true} {7 12 false} {6 1 false}], [0 48349 0 59005 0 66653 0 66901 0 185163], [0 5 0 13 0 6 0 4 0 6] 
greedy, DPC_GREEDY_VS_BASELINE_OM, -1, {"Termination_parameter":0 "Gamma":0 "Epsilon":0 "Ucb_c":0 "Rollout_capture":0 "Termination_func_param":0 "POMCP_name":"" "Prior_hybrid":null "Selection_hybrid":null "Rollout_selection":null "Early_playout_termination":null "Opponent_modelling":false "OM_Threshold":0}, {"Termination_parameter":1000 "Gamma":0.95 "Epsilon":0.05 "Ucb_c":5 "Rollout_capture":0 "Termination_func_param":0 "POMCP_name":"DPC_GREEDY_VS_BASELINE_OM" "Prior_hybrid":null "Selection_hybrid":null "Rollout_selection":null "Early_playout_termination":null "Opponent_modelling":true "OM_Threshold":0.2}, [{3 8 false} {20 15 false} {2 7 false} {15 10 false} {1 6 false} {24 19 false} {0 5 false} {10 6 true} {8 13 false} {6 1 false}], [0 46671 0 58556 0 64689 0 67366 0 504494], [0 5 0 13 0 6 0 4 0 1] 
greedy, DPC_GREEDY_VS_BASELINE_OM, 0, {"Termination_parameter":0 "Gamma":0 "Epsilon":0 "Ucb_c":0 "Rollout_capture":0 "Termination_func_param":0 "POMCP_name":"" "Prior_hybrid":null "Selection_hybrid":null "Rollout_selection":null "Early_playout_termination":null "Opponent_modelling":false "OM_Threshold":0}, {"Termination_parameter":1000 "Gamma":0.95 "Epsilon":0.05 "Ucb_c":5 "Rollout_capture":0 "Termination_func_param":0 "POMCP_name":"DPC_GREEDY_VS_BASELINE_OM" "Prior_hybrid":null "Selection_hybrid":null "Rollout_selection":null "Early_playout_termination":null "Opponent_modelling":true "OM_Threshold":0.2}, [{3 8 false} {20 15 false} {1 6 false} {15 10 false} {2 7 false} {24 19 false} {6 10 true} {19 14 false} {8 14 true} {22 17 false} {0 5 false} {17 12 false} {10 15 false} {21 15 true} {4 9 false} {15 10 false} {14 19 false} {23 19 true} {9 14 false}], [0 46571 0 58028 0 66071 0 81296 0 132065 0 169649 0 217923 0 353552 0 704648 0], [0 5 0 13 0 6 0 4 0 2 0 3 0 2 0 1 0 1 0] 
greedy, DPC_GREEDY_VS_BASELINE_OM, -1, {"Termination_parameter":0 "Gamma":0 "Epsilon":0 "Ucb_c":0 "Rollout_capture":0 "Termination_func_param":0 "POMCP_name":"" "Prior_hybrid":null "Selection_hybrid":null "Rollout_selection":null "Early_playout_termination":null "Opponent_modelling":false "OM_Threshold":0}, {"Termination_parameter":1000 "Gamma":0.95 "Epsilon":0.05 "Ucb_c":5 "Rollout_capture":0 "Termination_func_param":0 "POMCP_name":"DPC_GREEDY_VS_BASELINE_OM" "Prior_hybrid":null "Selection_hybrid":null "Rollout_selection":null "Early_playout_termination":null "Opponent_modelling":true "OM_Threshold":0.2}, [{1 6 false} {20 15 false} {3 8 false} {15 10 false} {2 7 false} {24 19 false} {6 10 true} {23 18 false} {0 5 false} {19 14 false} {8 14 true} {18 14 true} {4 9 false} {21 16 false} {10 16 true} {22 16 true} {7 12 false} {16 12 true} {5 10 false} {12 7 false} {10 15 false} {7 2 false}], [0 44519 0 56790 0 67936 0 89991 0 92591 0 134648 0 263876 0 442527 0 391694 0 621451 0 1421840], [0 5 0 13 0 6 0 4 0 4 0 3 0 2 0 3 0 1 0 1 0 1] 
greedy, DPC_GREEDY_VS_BASELINE_OM, -1, {"Termination_parameter":0 "Gamma":0 "Epsilon":0 "Ucb_c":0 "Rollout_capture":0 "Termination_func_param":0 "POMCP_name":"" "Prior_hybrid":null "Selection_hybrid":null "Rollout_selection":null "Early_playout_termination":null "Opponent_modelling":false "OM_Threshold":0}, {"Termination_parameter":1000 "Gamma":0.95 "Epsilon":0.05 "Ucb_c":5 "Rollout_capture":0 "Termination_func_param":0 "POMCP_name":"DPC_GREEDY_VS_BASELINE_OM" "Prior_hybrid":null "Selection_hybrid":null "Rollout_selection":null "Early_playout_termination":null "Opponent_modelling":true "OM_Threshold":0.2}, [{2 7 false} {20 15 false} {3 8 false} {15 10 false} {1 6 false} {24 19 false} {0 5 false} {10 6 true} {8 13 false} {6 1 false}], [0 48177 0 59811 0 67540 0 68356 0 548853], [0 5 0 13 0 6 0 4 0 1] 
greedy, DPC_GREEDY_VS_BASELINE_OM, 0, {"Termination_parameter":0 "Gamma":0 "Epsilon":0 "Ucb_c":0 "Rollout_capture":0 "Termination_func_param":0 "POMCP_name":"" "Prior_hybrid":null "Selection_hybrid":null "Rollout_selection":null "Early_playout_termination":null "Opponent_modelling":false "OM_Threshold":0}, {"Termination_parameter":1000 "Gamma":0.95 "Epsilon":0.05 "Ucb_c":5 "Rollout_capture":0 "Termination_func_param":0 "POMCP_name":"DPC_GREEDY_VS_BASELINE_OM" "Prior_hybrid":null "Selection_hybrid":null "Rollout_selection":null "Early_playout_termination":null "Opponent_modelling":true "OM_Threshold":0.2}, [{3 8 false} {20 15 false} {1 6 false} {15 10 false} {2 7 false} {24 19 false} {6 10 true} {19 14 false} {8 14 true} {22 17 false} {0 5 false} {17 12 false} {14 19 false} {23 19 true} {4 9 false} {19 14 false} {10 15 false} {21 15 true} {5 10 false}], [0 47716 0 57793 0 69228 0 89231 0 133384 0 177522 0 217607 0 355551 0 700614 0], [0 5 0 13 0 6 0 4 0 2 0 3 0 2 0 1 0 1 0] 
greedy, DPC_GREEDY_VS_BASELINE_OM, 1, {"Termination_parameter":0 "Gamma":0 "Epsilon":0 "Ucb_c":0 "Rollout_capture":0 "Termination_func_param":0 "POMCP_name":"" "Prior_hybrid":null "Selection_hybrid":null "Rollout_selection":null "Early_playout_termination":null "Opponent_modelling":false "OM_Threshold":0}, {"Termination_parameter":1000 "Gamma":0.95 "Epsilon":0.05 "Ucb_c":5 "Rollout_capture":0 "Termination_func_param":0 "POMCP_name":"DPC_GREEDY_VS_BASELINE_OM" "Prior_hybrid":null "Selection_hybrid":null "Rollout_selection":null "Early_playout_termination":null "Opponent_modelling":true "OM_Threshold":0.2}, [{3 8 false} {20 15 false} {1 6 false} {15 10 false} {2 7 false} {24 19 false} {6 10 true} {19 14 false} {8 14 true} {22 17 false} {0 5 false} {17 12 false} {4 9 false} {23 18 false} {14 18 true} {21 16 false} {10 16 true}], [0 46802 0 58146 0 67020 0 84959 0 133463 0 176105 0 254350 0 516634 0], [0 5 0 13 0 6 0 4 0 2 0 3 0 1 0 1 0] 
greedy, DPC_GREEDY_VS_BASELINE_OM, -1, {"Termination_parameter":0 "Gamma":0 "Epsilon":0 "Ucb_c":0 "Rollout_capture":0 "Termination_func_param":0 "POMCP_name":"" "Prior_hybrid":null "Selection_hybrid":null "Rollout_selection":null "Early_playout_termination":null "Opponent_modelling":false "OM_Threshold":0}, {"Termination_parameter":1000 "Gamma":0.95 "Epsilon":0.05 "Ucb_c":5 "Rollout_capture":0 "Termination_func_param":0 "POMCP_name":"DPC_GREEDY_VS_BASELINE_OM" "Prior_hybrid":null "Selection_hybrid":null "Rollout_selection":null "Early_playout_termination":null "Opponent_modelling":true "OM_Threshold":0.2}, [{3 8 false} {20 15 false} {2 7 false} {15 10 false} {1 6 false} {24 19 false} {0 5 false} {10 6 true} {8 13 false} {6 1 false}], [0 46794 0 57148 0 68309 0 66606 0 491209], [0 5 0 13 0 6 0 4 0 1] 
greedy, DPC_GREEDY_VS_BASELINE_OM, -1, {"Termination_parameter":0 "Gamma":0 "Epsilon":0 "Ucb_c":0 "Rollout_capture":0 "Termination_func_param":0 "POMCP_name":"" "Prior_hybrid":null "Selection_hybrid":null "Rollout_selection":null "Early_playout_termination":null "Opponent_modelling":false "OM_Threshold":0}, {"Termination_parameter":1000 "Gamma":0.95 "Epsilon":0.05 "Ucb_c":5 "Rollout_capture":0 "Termination_func_param":0 "POMCP_name":"DPC_GREEDY_VS_BASELINE_OM" "Prior_hybrid":null "Selection_hybrid":null "Rollout_selection":null "Early_playout_termination":null "Opponent_modelling":true "OM_Threshold":0.2}, [{2 7 false} {20 15 false} {1 6 false} {15 10 false} {3 8 false} {24 19 false} {0 5 false} {10 6 true} {7 12 false} {6 1 false}], [0 45638 0 57438 0 65888 0 67103 0 180640], [0 5 0 13 0 6 0 4 0 6] 
greedy, DPC_GREEDY_VS_BASELINE_OM, -1, {"Termination_parameter":0 "Gamma":0 "Epsilon":0 "Ucb_c":0 "Rollout_capture":0 "Termination_func_param":0 "POMCP_name":"" "Prior_hybrid":null "Selection_hybrid":null "Rollout_selection":null "Early_playout_termination":null "Opponent_modelling":false "OM_Threshold":0}, {"Termination_parameter":1000 "Gamma":0.95 "Epsilon":0.05 "Ucb_c":5 "Rollout_capture":0 "Termination_func_param":0 "POMCP_name":"DPC_GREEDY_VS_BASELINE_OM" "Prior_hybrid":null "Selection_hybrid":null "Rollout_selection":null "Early_playout_termination":null "Opponent_modelling":true "OM_Threshold":0.2}, [{1 6 false} {20 15 false} {2 7 false} {15 10 false} {3 8 false} {24 19 false} {0 5 false} {10 6 true} {7 12 false} {6 1 false}], [0 46002 0 54997 0 63447 0 63791 0 171823], [0 5 0 13 0 6 0 4 0 6] 
greedy, DPC_GREEDY_VS_BASELINE_OM, 0, {"Termination_parameter":0 "Gamma":0 "Epsilon":0 "Ucb_c":0 "Rollout_capture":0 "Termination_func_param":0 "POMCP_name":"" "Prior_hybrid":null "Selection_hybrid":null "Rollout_selection":null "Early_playout_termination":null "Opponent_modelling":false "OM_Threshold":0}, {"Termination_parameter":1000 "Gamma":0.95 "Epsilon":0.05 "Ucb_c":5 "Rollout_capture":0 "Termination_func_param":0 "POMCP_name":"DPC_GREEDY_VS_BASELINE_OM" "Prior_hybrid":null "Selection_hybrid":null "Rollout_selection":null "Early_playout_termination":null "Opponent_modelling":true "OM_Threshold":0.2}, [{2 7 false} {20 15 false} {3 8 false} {15 10 false} {1 6 false} {24 19 false} {6 10 true} {23 18 false} {0 5 false} {19 14 false} {8 14 true} {18 14 true} {10 15 false} {21 15 true} {4 9 false} {22 17 false} {7 12 false} {15 10 false}], [0 44684 0 55206 0 67177 0 85513 0 91656 0 126076 0 229908 0 462091 0 1181822], [0 5 0 13 0 6 0 4 0 4 0 3 0 1 0 1 0 1] 
greedy, DPC_GREEDY_VS_BASELINE_OM, -1, {"Termination_parameter":0 "Gamma":0 "Epsilon":0 "Ucb_c":0 "Rollout_capture":0 "Termination_func_param":0 "POMCP_name":"" "Prior_hybrid":null "Selection_hybrid":null "Rollout_selection":null "Early_playout_termination":null "Opponent_modelling":false "OM_Threshold":0}, {"Termination_parameter":1000 "Gamma":0.95 "Epsilon":0.05 "Ucb_c":5 "Rollout_capture":0 "Termination_func_param":0 "POMCP_name":"DPC_GREEDY_VS_BASELINE_OM" "Prior_hybrid":null "Selection_hybrid":null "Rollout_selection":null "Early_playout_termination":null "Opponent_modelling":true "OM_Threshold":0.2}, [{2 7 false} {20 15 false} {3 8 false} {15 10 false} {1 6 false} {24 19 false} {6 10 true} {23 18 false} {0 5 false} {18 13 false} {7 13 true} {19 13 true} {4 9 false} {13 9 true} {8 13 false} {9 4 false}], [0 47757 0 58196 0 66531 0 86310 0 86603 0 122490 0 180887 0 317225], [0 5 0 13 0 6 0 4 0 4 0 6 0 1 0 1] 
greedy, DPC_GREEDY_VS_BASELINE_OM, -1, {"Termination_parameter":0 "Gamma":0 "Epsilon":0 "Ucb_c":0 "Rollout_capture":0 "Termination_func_param":0 "POMCP_name":"" "Prior_hybrid":null "Selection_hybrid":null "Rollout_selection":null "Early_playout_termination":null "Opponent_modelling":false "OM_Threshold":0}, {"Termination_parameter":1000 "Gamma":0.95 "Epsilon":0.05 "Ucb_c":5 "Rollout_capture":0 "Termination_func_param":0 "POMCP_name":"DPC_GREEDY_VS_BASELINE_OM" "Prior_hybrid":null "Selection_hybrid":null "Rollout_selection":null "Early_playout_termination":null "Opponent_modelling":true "OM_Threshold":0.2}, [{1 6 false} {20 15 false} {3 8 false} {15 10 false} {2 7 false} {24 19 false} {0 5 false} {10 6 true} {8 13 false} {6 1 false}], [0 48458 0 56106 0 63795 0 64761 0 515654], [0 5 0 13 0 6 0 4 0 1] 
greedy, DPC_GREEDY_VS_BASELINE_OM, 0, {"Termination_parameter":0 "Gamma":0 "Epsilon":0 "Ucb_c":0 "Rollout_capture":0 "Termination_func_param":0 "POMCP_name":"" "Prior_hybrid":null "Selection_hybrid":null "Rollout_selection":null "Early_playout_termination":null "Opponent_modelling":false "OM_Threshold":0}, {"Termination_parameter":1000 "Gamma":0.95 "Epsilon":0.05 "Ucb_c":5 "Rollout_capture":0 "Termination_func_param":0 "POMCP_name":"DPC_GREEDY_VS_BASELINE_OM" "Prior_hybrid":null "Selection_hybrid":null "Rollout_selection":null "Early_playout_termination":null "Opponent_modelling":true "OM_Threshold":0.2}, [{3 8 false} {20 15 false} {2 7 false} {15 10 false} {1 6 false} {24 19 false} {6 10 true} {19 14 false} {8 14 true} {22 17 false} {0 5 false} {17 12 false} {14 19 false} {23 19 true} {4 9 false} {19 14 false} {10 15 false} {21 15 true} {5 10 false}], [0 45521 0 55122 0 65527 0 88368 0 132402 0 173964 0 220081 0 316642 0 674178 0], [0 5 0 13 0 6 0 4 0 2 0 3 0 2 0 1 0 1 0] 
greedy, DPC_GREEDY_VS_BASELINE_OM, 0, {"Termination_parameter":0 "Gamma":0 "Epsilon":0 "Ucb_c":0 "Rollout_capture":0 "Termination_func_param":0 "POMCP_name":"" "Prior_hybrid":null "Selection_hybrid":null "Rollout_selection":null "Early_playout_termination":null "Opponent_modelling":false "OM_Threshold":0}, {"Termination_parameter":1000 "Gamma":0.95 "Epsilon":0.05 "Ucb_c":5 "Rollout_capture":0 "Termination_func_param":0 "POMCP_name":"DPC_GREEDY_VS_BASELINE_OM" "Prior_hybrid":null "Selection_hybrid":null "Rollout_selection":null "Early_playout_termination":null "Opponent_modelling":true "OM_Threshold":0.2}, [{3 8 false} {20 15 false} {1 6 false} {15 10 false} {2 7 false} {24 19 false} {6 10 true} {23 18 false} {0 5 false} {19 14 false} {8 14 true} {18 14 true} {10 15 false} {21 15 true} {4 9 false} {15 10 false} {7 12 false} {22 17 false}], [0 46639 0 56401 0 67036 0 90314 0 88748 0 122643 0 248793 0 448284 0 1115222], [0 5 0 13 0 6 0 4 0 4 0 3 0 1 0 1 0 1] 
greedy, DPC_GREEDY_VS_BASELINE_OM, 1, {"Termination_parameter":0 "Gamma":0 "Epsilon":0 "Ucb_c":0 "Rollout_capture":0 "Termination_func_param":0 "POMCP_name":"" "Prior_hybrid":null "Selection_hybrid":null "Rollout_selection":null "Early_playout_termination":null "Opponent_modelling":false "OM_Threshold":0}, {"Termination_parameter":1000 "Gamma":0.95 "Epsilon":0.05 "Ucb_c":5 "Rollout_capture":0 "Termination_func_param":0 "POMCP_name":"DPC_GREEDY_VS_BASELINE_OM" "Prior_hybrid":null "Selection_hybrid":null "Rollout_selection":null "Early_playout_termination":null "Opponent_modelling":true "OM_Threshold":0.2}, [{3 8 false} {20 15 false} {1 6 false} {15 10 false} {2 7 false} {24 19 false} {6 10 true} {19 14 false} {8 14 true} {22 17 false} {0 5 false} {17 12 false} {10 15 false} {21 15 true} {5 10 false} {23 18 false} {14 18 true}], [0 44219 0 55795 0 63014 0 91368 0 136039 0 169720 0 202852 0 510833 0], [0 5 0 13 0 6 0 4 0 2 0 3 0 2 0 1 0] 
greedy, DPC_GREEDY_VS_BASELINE_OM, -1, {"Termination_parameter":0 "Gamma":0 "Epsilon":0 "Ucb_c":0 "Rollout_capture":0 "Termination_func_param":0 "POMCP_name":"" "Prior_hybrid":null "Selection_hybrid":null "Rollout_selection":null "Early_playout_termination":null "Opponent_modelling":false "OM_Threshold":0}, {"Termination_parameter":1000 "Gamma":0.95 "Epsilon":0.05 "Ucb_c":5 "Rollout_capture":0 "Termination_func_param":0 "POMCP_name":"DPC_GREEDY_VS_BASELINE_OM" "Prior_hybrid":null "Selection_hybrid":null "Rollout_selection":null "Early_playout_termination":null "Opponent_modelling":true "OM_Threshold":0.2}, [{1 6 false} {20 15 false} {2 7 false} {15 10 false} {3 8 false} {24 19 false} {0 5 false} {10 6 true} {8 13 false} {6 1 false}], [0 44785 0 53219 0 60458 0 58410 0 471046], [0 5 0 13 0 6 0 4 0 1] 
greedy, DPC_GREEDY_VS_BASELINE_OM, 0, {"Termination_parameter":0 "Gamma":0 "Epsilon":0 "Ucb_c":0 "Rollout_capture":0 "Termination_func_param":0 "POMCP_name":"" "Prior_hybrid":null "Selection_hybrid":null "Rollout_selection":null "Early_playout_termination":null "Opponent_modelling":false "OM_Threshold":0}, {"Termination_parameter":1000 "Gamma":0.95 "Epsilon":0.05 "Ucb_c":5 "Rollout_capture":0 "Termination_func_param":0 "POMCP_name":"DPC_GREEDY_VS_BASELINE_OM" "Prior_hybrid":null "Selection_hybrid":null "Rollout_selection":null "Early_playout_termination":null "Opponent_modelling":true "OM_Threshold":0.2}, [{1 6 false} {20 15 false} {3 8 false} {15 10 false} {2 7 false} {24 19 false} {6 10 true} {23 18 false} {0 5 false} {19 14 false} {8 14 true} {18 14 true} {10 15 false} {21 15 true} {7 12 false} {22 17 false} {5 10 false} {14 9 false}], [0 44626 0 54876 0 61511 0 80468 0 85473 0 113309 0 223358 0 395232 0 1108183], [0 5 0 13 0 6 0 4 0 4 0 3 0 1 0 1 0 1] 
greedy, DPC_GREEDY_VS_BASELINE_OM, 1, {"Termination_parameter":0 "Gamma":0 "Epsilon":0 "Ucb_c":0 "Rollout_capture":0 "Termination_func_param":0 "POMCP_name":"" "Prior_hybrid":null "Selection_hybrid":null "Rollout_selection":null "Early_playout_termination":null "Opponent_modelling":false "OM_Threshold":0}, {"Termination_parameter":1000 "Gamma":0.95 "Epsilon":0.05 "Ucb_c":5 "Rollout_capture":0 "Termination_func_param":0 "POMCP_name":"DPC_GREEDY_VS_BASELINE_OM" "Prior_hybrid":null "Selection_hybrid":null "Rollout_selection":null "Early_playout_termination":null "Opponent_modelling":true "OM_Threshold":0.2}, [{1 6 false} {20 15 false} {2 7 false} {15 10 false} {3 8 false} {24 19 false} {6 10 true} {23 18 false} {0 5 false} {19 14 false} {8 14 true} {18 14 true} {7 12 false} {14 9 false} {12 17 false} {21 16 false} {10 16 true} {22 16 true} {17 22 false}], [0 43957 0 51350 0 62570 0 82865 0 82416 0 117787 0 209538 0 325144 0 609320 0], [0 5 0 13 0 6 0 4 0 4 0 3 0 1 0 1 0 1 0] 
greedy, DPC_GREEDY_VS_BASELINE_OM, -1, {"Termination_parameter":0 "Gamma":0 "Epsilon":0 "Ucb_c":0 "Rollout_capture":0 "Termination_func_param":0 "POMCP_name":"" "Prior_hybrid":null "Selection_hybrid":null "Rollout_selection":null "Early_playout_termination":null "Opponent_modelling":false "OM_Threshold":0}, {"Termination_parameter":1000 "Gamma":0.95 "Epsilon":0.05 "Ucb_c":5 "Rollout_capture":0 "Termination_func_param":0 "POMCP_name":"DPC_GREEDY_VS_BASELINE_OM" "Prior_hybrid":null "Selection_hybrid":null "Rollout_selection":null "Early_playout_termination":null "Opponent_modelling":true "OM_Threshold":0.2}, [{3 8 false} {20 15 false} {2 7 false} {15 10 false} {1 6 false} {24 19 false} {6 10 true} {23 18 false} {0 5 false} {18 13 false} {7 13 true} {19 13 true} {4 9 false} {13 9 true} {8 13 false} {9 4 false}], [0 44230 0 53326 0 63870 0 80361 0 88921 0 119031 0 175051 0 283869], [0 5 0 13 0 6 0 4 0 4 0 6 0 1 0 1] 
greedy, DPC_GREEDY_VS_BASELINE_OM, 0, {"Termination_parameter":0 "Gamma":0 "Epsilon":0 "Ucb_c":0 "Rollout_capture":0 "Termination_func_param":0 "POMCP_name":"" "Prior_hybrid":null "Selection_hybrid":null "Rollout_selection":null "Early_playout_termination":null "Opponent_modelling":false "OM_Threshold":0}, {"Termination_parameter":1000 "Gamma":0.95 "Epsilon":0.05 "Ucb_c":5 "Rollout_capture":0 "Termination_func_param":0 "POMCP_name":"DPC_GREEDY_VS_BASELINE_OM" "Prior_hybrid":null "Selection_hybrid":null "Rollout_selection":null "Early_playout_termination":null "Opponent_modelling":true "OM_Threshold":0.2}, [{3 8 false} {20 15 false} {2 7 false} {15 10 false} {1 6 false} {24 19 false} {6 10 true} {19 14 false} {8 14 true} {22 17 false} {0 5 false} {17 12 false} {14 19 false} {23 19 true} {4 9 false} {19 14 false} {10 15 false} {21 15 true} {5 10 false}], [0 44404 0 53606 0 64152 0 87251 0 125410 0 160698 0 206712 0 309316 0 664634 0], [0 5 0 13 0 6 0 4 0 2 0 3 0 2 0 1 0 1 0] 
greedy, DPC_GREEDY_VS_BASELINE_OM, -1, {"Termination_parameter":0 "Gamma":0 "Epsilon":0 "Ucb_c":0 "Rollout_capture":0 "Termination_func_param":0 "POMCP_name":"" "Prior_hybrid":null "Selection_hybrid":null "Rollout_selection":null "Early_playout_termination":null "Opponent_modelling":false "OM_Threshold":0}, {"Termination_parameter":1000 "Gamma":0.95 "Epsilon":0.05 "Ucb_c":5 "Rollout_capture":0 "Termination_func_param":0 "POMCP_name":"DPC_GREEDY_VS_BASELINE_OM" "Prior_hybrid":null "Selection_hybrid":null "Rollout_selection":null "Early_playout_termination":null "Opponent_modelling":true "OM_Threshold":0.2}, [{3 8 false} {20 15 false} {1 6 false} {15 10 false} {2 7 false} {24 19 false} {0 5 false} {10 6 true} {7 12 false} {6 1 false}], [0 45420 0 57001 0 60737 0 62999 0 171254], [0 5 0 13 0 6 0 4 0 6] 
greedy, DPC_GREEDY_VS_BASELINE_OM, 0, {"Termination_parameter":0 "Gamma":0 "Epsilon":0 "Ucb_c":0 "Rollout_capture":0 "Termination_func_param":0 "POMCP_name":"" "Prior_hybrid":null "Selection_hybrid":null "Rollout_selection":null "Early_playout_termination":null "Opponent_modelling":false "OM_Threshold":0}, {"Termination_parameter":1000 "Gamma":0.95 "Epsilon":0.05 "Ucb_c":5 "Rollout_capture":0 "Termination_func_param":0 "POMCP_name":"DPC_GREEDY_VS_BASELINE_OM" "Prior_hybrid":null "Selection_hybrid":null "Rollout_selection":null "Early_playout_termination":null "Opponent_modelling":true "OM_Threshold":0.2}, [{3 8 false} {20 15 false} {2 7 false} {15 10 false} {1 6 false} {24 19 false} {6 10 true} {19 14 false} {8 14 true} {22 17 false} {0 5 false} {17 12 false} {14 19 false} {23 19 true} {10 15 false} {21 15 true} {5 10 false} {19 14 false} {4 9 false}], [0 43391 0 53788 0 64623 0 81389 0 110033 0 162618 0 208150 0 344559 0 676707 0], [0 5 0 13 0 6 0 4 0 2 0 3 0 2 0 2 0 1 0] 
greedy, DPC_GREEDY_VS_BASELINE_OM, 0, {"Termination_parameter":0 "Gamma":0 "Epsilon":0 "Ucb_c":0 "Rollout_capture":0 "Termination_func_param":0 "POMCP_name":"" "Prior_hybrid":null "Selection_hybrid":null "Rollout_selection":null "Early_playout_termination":null "Opponent_modelling":false "OM_Threshold":0}, {"Termination_parameter":1000 "Gamma":0.95 "Epsilon":0.05 "Ucb_c":5 "Rollout_capture":0 "Termination_func_param":0 "POMCP_name":"DPC_GREEDY_VS_BASELINE_OM" "Prior_hybrid":null "Selection_hybrid":null "Rollout_selection":null "Early_playout_termination":null "Opponent_modelling":true "OM_Threshold":0.2}, [{3 8 false} {20 15 false} {2 7 false} {15 10 false} {1 6 false} {24 19 false} {6 10 true} {19 14 false} {8 14 true} {22 17 false} {0 5 false} {17 12 false} {14 19 false} {23 19 true} {10 15 false} {21 15 true} {4 9 false} {15 10 false} {9 14 false}], [0 44893 0 54684 0 64738 0 83636 0 131786 0 139155 0 212397 0 346602 0 705423 0], [0 5 0 13 0 6 0 4 0 2 0 3 0 2 0 2 0 1 0] 
greedy, DPC_GREEDY_VS_BASELINE_OM, -1, {"Termination_parameter":0 "Gamma":0 "Epsilon":0 "Ucb_c":0 "Rollout_capture":0 "Termination_func_param":0 "POMCP_name":"" "Prior_hybrid":null "Selection_hybrid":null "Rollout_selection":null "Early_playout_termination":null "Opponent_modelling":false "OM_Threshold":0}, {"Termination_parameter":1000 "Gamma":0.95 "Epsilon":0.05 "Ucb_c":5 "Rollout_capture":0 "Termination_func_param":0 "POMCP_name":"DPC_GREEDY_VS_BASELINE_OM" "Prior_hybrid":null "Selection_hybrid":null "Rollout_selection":null "Early_playout_termination":null "Opponent_modelling":true "OM_Threshold":0.2}, [{2 7 false} {20 15 false} {1 6 false} {15 10 false} {3 8 false} {24 19 false} {0 5 false} {10 6 true} {8 13 false} {6 1 false}], [0 42105 0 56865 0 63820 0 66862 0 476424], [0 5 0 13 0 6 0 4 0 1] 
greedy, DPC_GREEDY_VS_BASELINE_OM, 1, {"Termination_parameter":0 "Gamma":0 "Epsilon":0 "Ucb_c":0 "Rollout_capture":0 "Termination_func_param":0 "POMCP_name":"" "Prior_hybrid":null "Selection_hybrid":null "Rollout_selection":null "Early_playout_termination":null "Opponent_modelling":false "OM_Threshold":0}, {"Termination_parameter":1000 "Gamma":0.95 "Epsilon":0.05 "Ucb_c":5 "Rollout_capture":0 "Termination_func_param":0 "POMCP_name":"DPC_GREEDY_VS_BASELINE_OM" "Prior_hybrid":null "Selection_hybrid":null "Rollout_selection":null "Early_playout_termination":null "Opponent_modelling":true "OM_Threshold":0.2}, [{1 6 false} {20 15 false} {3 8 false} {15 10 false} {2 7 false} {24 19 false} {6 10 true} {19 14 false} {8 14 true} {22 17 false} {0 5 false} {17 12 false} {4 9 false} {23 18 false} {14 18 true} {21 16 false} {10 16 true}], [0 46688 0 54815 0 65072 0 83486 0 132180 0 164670 0 252514 0 473171 0], [0 5 0 13 0 6 0 4 0 2 0 3 0 1 0 1 0] 
greedy, DPC_GREEDY_VS_BASELINE_OM, 1, {"Termination_parameter":0 "Gamma":0 "Epsilon":0 "Ucb_c":0 "Rollout_capture":0 "Termination_func_param":0 "POMCP_name":"" "Prior_hybrid":null "Selection_hybrid":null "Rollout_selection":null "Early_playout_termination":null "Opponent_modelling":false "OM_Threshold":0}, {"Termination_parameter":1000 "Gamma":0.95 "Epsilon":0.05 "Ucb_c":5 "Rollout_capture":0 "Termination_func_param":0 "POMCP_name":"DPC_GREEDY_VS_BASELINE_OM" "Prior_hybrid":null "Selection_hybrid":null "Rollout_selection":null "Early_playout_termination":null "Opponent_modelling":true "OM_Threshold":0.2}, [{3 8 false} {20 15 false} {1 6 false} {15 10 false} {2 7 false} {24 19 false} {6 10 true} {19 14 false} {8 14 true} {22 17 false} {0 5 false} {17 12 false} {4 9 false} {23 18 false} {14 18 true} {21 16 false} {10 16 true}], [0 46663 0 56214 0 66057 0 86763 0 125851 0 168175 0 248994 0 484105 0], [0 5 0 13 0 6 0 4 0 2 0 3 0 1 0 1 0] 
greedy, DPC_GREEDY_VS_BASELINE_OM, 1, {"Termination_parameter":0 "Gamma":0 "Epsilon":0 "Ucb_c":0 "Rollout_capture":0 "Termination_func_param":0 "POMCP_name":"" "Prior_hybrid":null "Selection_hybrid":null "Rollout_selection":null "Early_playout_termination":null "Opponent_modelling":false "OM_Threshold":0}, {"Termination_parameter":1000 "Gamma":0.95 "Epsilon":0.05 "Ucb_c":5 "Rollout_capture":0 "Termination_func_param":0 "POMCP_name":"DPC_GREEDY_VS_BASELINE_OM" "Prior_hybrid":null "Selection_hybrid":null "Rollout_selection":null "Early_playout_termination":null "Opponent_modelling":true "OM_Threshold":0.2}, [{1 6 false} {20 15 false} {2 7 false} {15 10 false} {3 8 false} {24 19 false} {6 10 true} {23 18 false} {0 5 false} {19 14 false} {8 14 true} {18 14 true} {7 12 false} {14 9 false} {12 17 false} {21 16 false} {10 16 true} {22 16 true} {17 22 false}], [0 45371 0 55511 0 65111 0 86151 0 89277 0 124248 0 223216 0 332523 0 671612 0], [0 5 0 13 0 6 0 4 0 4 0 3 0 1 0 1 0 1 0] 
greedy, DPC_GREEDY_VS_BASELINE_OM, 1, {"Termination_parameter":0 "Gamma":0 "Epsilon":0 "Ucb_c":0 "Rollout_capture":0 "Termination_func_param":0 "POMCP_name":"" "Prior_hybrid":null "Selection_hybrid":null "Rollout_selection":null "Early_playout_termination":null "Opponent_modelling":false "OM_Threshold":0}, {"Termination_parameter":1000 "Gamma":0.95 "Epsilon":0.05 "Ucb_c":5 "Rollout_capture":0 "Termination_func_param":0 "POMCP_name":"DPC_GREEDY_VS_BASELINE_OM" "Prior_hybrid":null "Selection_hybrid":null "Rollout_selection":null "Early_playout_termination":null "Opponent_modelling":true "OM_Threshold":0.2}, [{2 7 false} {20 15 false} {1 6 false} {15 10 false} {3 8 false} {24 19 false} {6 10 true} {23 18 false} {0 5 false} {19 14 false} {8 14 true} {18 14 true} {7 12 false} {14 9 false} {12 17 false} {21 16 false} {10 16 true} {22 16 true} {17 22 false}], [0 45949 0 56113 0 65858 0 87225 0 88447 0 125576 0 213546 0 335628 0 663396 0], [0 5 0 13 0 6 0 4 0 4 0 3 0 1 0 1 0 1 0] 
greedy, DPC_GREEDY_VS_BASELINE_OM, -1, {"Termination_parameter":0 "Gamma":0 "Epsilon":0 "Ucb_c":0 "Rollout_capture":0 "Termination_func_param":0 "POMCP_name":"" "Prior_hybrid":null "Selection_hybrid":null "Rollout_selection":null "Early_playout_termination":null "Opponent_modelling":false "OM_Threshold":0}, {"Termination_parameter":1000 "Gamma":0.95 "Epsilon":0.05 "Ucb_c":5 "Rollout_capture":0 "Termination_func_param":0 "POMCP_name":"DPC_GREEDY_VS_BASELINE_OM" "Prior_hybrid":null "Selection_hybrid":null "Rollout_selection":null "Early_playout_termination":null "Opponent_modelling":true "OM_Threshold":0.2}, [{2 7 false} {20 15 false} {3 8 false} {15 10 false} {1 6 false} {24 19 false} {6 10 true} {23 18 false} {0 5 false} {18 13 false} {7 13 true} {19 13 true} {10 15 false} {21 15 true} {5 10 false} {22 17 false} {4 9 false} {13 9 true} {8 13 false} {9 4 false}], [0 43224 0 56729 0 66271 0 84344 0 88941 0 127130 0 189935 0 252855 0 344057 0 902075], [0 5 0 13 0 6 0 4 0 4 0 6 0 2 0 2 0 1 0 1] 
greedy, DPC_GREEDY_VS_BASELINE_OM, 1, {"Termination_parameter":0 "Gamma":0 "Epsilon":0 "Ucb_c":0 "Rollout_capture":0 "Termination_func_param":0 "POMCP_name":"" "Prior_hybrid":null "Selection_hybrid":null "Rollout_selection":null "Early_playout_termination":null "Opponent_modelling":false "OM_Threshold":0}, {"Termination_parameter":1000 "Gamma":0.95 "Epsilon":0.05 "Ucb_c":5 "Rollout_capture":0 "Termination_func_param":0 "POMCP_name":"DPC_GREEDY_VS_BASELINE_OM" "Prior_hybrid":null "Selection_hybrid":null "Rollout_selection":null "Early_playout_termination":null "Opponent_modelling":true "OM_Threshold":0.2}, [{2 7 false} {20 15 false} {3 8 false} {15 10 false} {1 6 false} {24 19 false} {6 10 true} {19 14 false} {8 14 true} {22 17 false} {0 5 false} {17 12 false} {4 9 false} {23 18 false} {14 18 true} {21 16 false} {10 16 true}], [0 45786 0 52978 0 65558 0 84382 0 125457 0 171194 0 252297 0 441471 0], [0 5 0 13 0 6 0 4 0 2 0 3 0 1 0 1 0] 
greedy, DPC_GREEDY_VS_BASELINE_OM, -1, {"Termination_parameter":0 "Gamma":0 "Epsilon":0 "Ucb_c":0 "Rollout_capture":0 "Termination_func_param":0 "POMCP_name":"" "Prior_hybrid":null "Selection_hybrid":null "Rollout_selection":null "Early_playout_termination":null "Opponent_modelling":false "OM_Threshold":0}, {"Termination_parameter":1000 "Gamma":0.95 "Epsilon":0.05 "Ucb_c":5 "Rollout_capture":0 "Termination_func_param":0 "POMCP_name":"DPC_GREEDY_VS_BASELINE_OM" "Prior_hybrid":null "Selection_hybrid":null "Rollout_selection":null "Early_playout_termination":null "Opponent_modelling":true "OM_Threshold":0.2}, [{3 8 false} {20 15 false} {1 6 false} {15 10 false} {2 7 false} {24 19 false} {0 5 false} {10 6 true} {7 12 false} {6 1 false}], [0 46165 0 55325 0 64259 0 65186 0 248870], [0 5 0 13 0 6 0 4 0 6] 
greedy, DPC_GREEDY_VS_BASELINE_OM, -1, {"Termination_parameter":0 "Gamma":0 "Epsilon":0 "Ucb_c":0 "Rollout_capture":0 "Termination_func_param":0 "POMCP_name":"" "Prior_hybrid":null "Selection_hybrid":null "Rollout_selection":null "Early_playout_termination":null "Opponent_modelling":false "OM_Threshold":0}, {"Termination_parameter":1000 "Gamma":0.95 "Epsilon":0.05 "Ucb_c":5 "Rollout_capture":0 "Termination_func_param":0 "POMCP_name":"DPC_GREEDY_VS_BASELINE_OM" "Prior_hybrid":null "Selection_hybrid":null "Rollout_selection":null "Early_playout_termination":null "Opponent_modelling":true "OM_Threshold":0.2}, [{3 8 false} {20 15 false} {2 7 false} {15 10 false} {1 6 false} {24 19 false} {0 5 false} {10 6 true} {8 13 false} {6 1 false}], [0 42373 0 53882 0 63468 0 64137 0 492735], [0 5 0 13 0 6 0 4 0 1] 
greedy, DPC_GREEDY_VS_BASELINE_OM, -1, {"Termination_parameter":0 "Gamma":0 "Epsilon":0 "Ucb_c":0 "Rollout_capture":0 "Termination_func_param":0 "POMCP_name":"" "Prior_hybrid":null "Selection_hybrid":null "Rollout_selection":null "Early_playout_termination":null "Opponent_modelling":false "OM_Threshold":0}, {"Termination_parameter":1000 "Gamma":0.95 "Epsilon":0.05 "Ucb_c":5 "Rollout_capture":0 "Termination_func_param":0 "POMCP_name":"DPC_GREEDY_VS_BASELINE_OM" "Prior_hybrid":null "Selection_hybrid":null "Rollout_selection":null "Early_playout_termination":null "Opponent_modelling":true "OM_Threshold":0.2}, [{1 6 false} {20 15 false} {3 8 false} {15 10 false} {2 7 false} {24 19 false} {0 5 false} {10 6 true} {7 12 false} {6 1 false}], [0 44642 0 55427 0 64305 0 65492 0 179468], [0 5 0 13 0 6 0 4 0 6] 
greedy, DPC_GREEDY_VS_BASELINE_OM, -1, {"Termination_parameter":0 "Gamma":0 "Epsilon":0 "Ucb_c":0 "Rollout_capture":0 "Termination_func_param":0 "POMCP_name":"" "Prior_hybrid":null "Selection_hybrid":null "Rollout_selection":null "Early_playout_termination":null "Opponent_modelling":false "OM_Threshold":0}, {"Termination_parameter":1000 "Gamma":0.95 "Epsilon":0.05 "Ucb_c":5 "Rollout_capture":0 "Termination_func_param":0 "POMCP_name":"DPC_GREEDY_VS_BASELINE_OM" "Prior_hybrid":null "Selection_hybrid":null "Rollout_selection":null "Early_playout_termination":null "Opponent_modelling":true "OM_Threshold":0.2}, [{3 8 false} {20 15 false} {2 7 false} {15 10 false} {1 6 false} {24 19 false} {0 5 false} {10 6 true} {4 9 false} {6 1 false}], [0 44762 0 57142 0 66110 0 65391 0 253979], [0 5 0 13 0 6 0 4 0 6] 
greedy, DPC_GREEDY_VS_BASELINE_OM, 0, {"Termination_parameter":0 "Gamma":0 "Epsilon":0 "Ucb_c":0 "Rollout_capture":0 "Termination_func_param":0 "POMCP_name":"" "Prior_hybrid":null "Selection_hybrid":null "Rollout_selection":null "Early_playout_termination":null "Opponent_modelling":false "OM_Threshold":0}, {"Termination_parameter":1000 "Gamma":0.95 "Epsilon":0.05 "Ucb_c":5 "Rollout_capture":0 "Termination_func_param":0 "POMCP_name":"DPC_GREEDY_VS_BASELINE_OM" "Prior_hybrid":null "Selection_hybrid":null "Rollout_selection":null "Early_playout_termination":null "Opponent_modelling":true "OM_Threshold":0.2}, [{3 8 false} {20 15 false} {1 6 false} {15 10 false} {2 7 false} {24 19 false} {6 10 true} {19 14 false} {8 14 true} {22 17 false} {0 5 false} {17 12 false} {14 19 false} {23 19 true} {4 9 false} {19 14 false} {10 15 false} {21 15 true} {5 10 false}], [0 42131 0 56258 0 65130 0 95026 0 129070 0 170233 0 209849 0 341109 0 693853 0], [0 5 0 13 0 6 0 4 0 2 0 3 0 2 0 1 0 1 0] 
greedy, DPC_GREEDY_VS_BASELINE_OM, -1, {"Termination_parameter":0 "Gamma":0 "Epsilon":0 "Ucb_c":0 "Rollout_capture":0 "Termination_func_param":0 "POMCP_name":"" "Prior_hybrid":null "Selection_hybrid":null "Rollout_selection":null "Early_playout_termination":null "Opponent_modelling":false "OM_Threshold":0}, {"Termination_parameter":1000 "Gamma":0.95 "Epsilon":0.05 "Ucb_c":5 "Rollout_capture":0 "Termination_func_param":0 "POMCP_name":"DPC_GREEDY_VS_BASELINE_OM" "Prior_hybrid":null "Selection_hybrid":null "Rollout_selection":null "Early_playout_termination":null "Opponent_modelling":true "OM_Threshold":0.2}, [{1 6 false} {20 15 false} {3 8 false} {15 10 false} {2 7 false} {24 19 false} {6 10 true} {23 18 false} {0 5 false} {19 14 false} {8 14 true} {18 14 true} {4 9 false} {21 16 false} {10 16 true} {22 16 true} {7 12 false} {16 12 true} {5 10 false} {12 7 false} {10 15 false} {7 2 false}], [0 46526 0 55740 0 64169 0 88416 0 88553 0 123106 0 249715 0 428189 0 363803 0 610240 0 1328944], [0 5 0 13 0 6 0 4 0 4 0 3 0 2 0 3 0 1 0 1 0 1] 
greedy, DPC_GREEDY_VS_BASELINE_OM, -1, {"Termination_parameter":0 "Gamma":0 "Epsilon":0 "Ucb_c":0 "Rollout_capture":0 "Termination_func_param":0 "POMCP_name":"" "Prior_hybrid":null "Selection_hybrid":null "Rollout_selection":null "Early_playout_termination":null "Opponent_modelling":false "OM_Threshold":0}, {"Termination_parameter":1000 "Gamma":0.95 "Epsilon":0.05 "Ucb_c":5 "Rollout_capture":0 "Termination_func_param":0 "POMCP_name":"DPC_GREEDY_VS_BASELINE_OM" "Prior_hybrid":null "Selection_hybrid":null "Rollout_selection":null "Early_playout_termination":null "Opponent_modelling":true "OM_Threshold":0.2}, [{1 6 false} {20 15 false} {3 8 false} {15 10 false} {2 7 false} {24 19 false} {0 5 false} {10 6 true} {5 10 false} {6 1 false}], [0 43748 0 55734 0 62641 0 66984 0 178136], [0 5 0 13 0 6 0 4 0 6] 
greedy, DPC_GREEDY_VS_BASELINE_OM, -1, {"Termination_parameter":0 "Gamma":0 "Epsilon":0 "Ucb_c":0 "Rollout_capture":0 "Termination_func_param":0 "POMCP_name":"" "Prior_hybrid":null "Selection_hybrid":null "Rollout_selection":null "Early_playout_termination":null "Opponent_modelling":false "OM_Threshold":0}, {"Termination_parameter":1000 "Gamma":0.95 "Epsilon":0.05 "Ucb_c":5 "Rollout_capture":0 "Termination_func_param":0 "POMCP_name":"DPC_GREEDY_VS_BASELINE_OM" "Prior_hybrid":null "Selection_hybrid":null "Rollout_selection":null "Early_playout_termination":null "Opponent_modelling":true "OM_Threshold":0.2}, [{2 7 false} {20 15 false} {3 8 false} {15 10 false} {1 6 false} {24 19 false} {0 5 false} {10 6 true} {4 9 false} {6 1 false}], [0 46139 0 55392 0 65505 0 64697 0 177421], [0 5 0 13 0 6 0 4 0 6] 
greedy, DPC_GREEDY_VS_BASELINE_OM, -1, {"Termination_parameter":0 "Gamma":0 "Epsilon":0 "Ucb_c":0 "Rollout_capture":0 "Termination_func_param":0 "POMCP_name":"" "Prior_hybrid":null "Selection_hybrid":null "Rollout_selection":null "Early_playout_termination":null "Opponent_modelling":false "OM_Threshold":0}, {"Termination_parameter":1000 "Gamma":0.95 "Epsilon":0.05 "Ucb_c":5 "Rollout_capture":0 "Termination_func_param":0 "POMCP_name":"DPC_GREEDY_VS_BASELINE_OM" "Prior_hybrid":null "Selection_hybrid":null "Rollout_selection":null "Early_playout_termination":null "Opponent_modelling":true "OM_Threshold":0.2}, [{3 8 false} {20 15 false} {1 6 false} {15 10 false} {2 7 false} {24 19 false} {0 5 false} {10 6 true} {7 12 false} {6 1 false}], [0 45967 0 54765 0 62194 0 65392 0 179549], [0 5 0 13 0 6 0 4 0 6] 
greedy, DPC_GREEDY_VS_BASELINE_OM, -1, {"Termination_parameter":0 "Gamma":0 "Epsilon":0 "Ucb_c":0 "Rollout_capture":0 "Termination_func_param":0 "POMCP_name":"" "Prior_hybrid":null "Selection_hybrid":null "Rollout_selection":null "Early_playout_termination":null "Opponent_modelling":false "OM_Threshold":0}, {"Termination_parameter":1000 "Gamma":0.95 "Epsilon":0.05 "Ucb_c":5 "Rollout_capture":0 "Termination_func_param":0 "POMCP_name":"DPC_GREEDY_VS_BASELINE_OM" "Prior_hybrid":null "Selection_hybrid":null "Rollout_selection":null "Early_playout_termination":null "Opponent_modelling":true "OM_Threshold":0.2}, [{2 7 false} {20 15 false} {1 6 false} {15 10 false} {3 8 false} {24 19 false} {0 5 false} {10 6 true} {8 13 false} {6 1 false}], [0 44260 0 56214 0 61074 0 66050 0 510697], [0 5 0 13 0 6 0 4 0 1] 
DPC_GREEDY_VS_BASELINE_OM, greedy, 1, {"Termination_parameter":1000 "Gamma":0.95 "Epsilon":0.05 "Ucb_c":5 "Rollout_capture":0 "Termination_func_param":0 "POMCP_name":"DPC_GREEDY_VS_BASELINE_OM" "Prior_hybrid":null "Selection_hybrid":null "Rollout_selection":null "Early_playout_termination":null "Opponent_modelling":true "OM_Threshold":0.2}, {"Termination_parameter":0 "Gamma":0 "Epsilon":0 "Ucb_c":0 "Rollout_capture":0 "Termination_func_param":0 "POMCP_name":"" "Prior_hybrid":null "Selection_hybrid":null "Rollout_selection":null "Early_playout_termination":null "Opponent_modelling":false "OM_Threshold":0}, [{4 9 false} {23 18 false} {9 14 false} {21 16 false} {3 8 false} {22 17 false} {8 13 false} {17 13 true} {1 6 false} {18 14 true} {0 5 false} {24 19 false} {5 10 false} {20 15 false} {10 16 true} {15 10 false} {16 21 false}], [43383 0 45275 0 53130 0 65575 0 91693 0 84973 0 146856 0 266768 0 705861], [1 0 5 0 3 0 5 0 2 0 2 0 5 0 2 0 2] 
DPC_GREEDY_VS_BASELINE_OM, greedy, 1, {"Termination_parameter":1000 "Gamma":0.95 "Epsilon":0.05 "Ucb_c":5 "Rollout_capture":0 "Termination_func_param":0 "POMCP_name":"DPC_GREEDY_VS_BASELINE_OM" "Prior_hybrid":null "Selection_hybrid":null "Rollout_selection":null "Early_playout_termination":null "Opponent_modelling":true "OM_Threshold":0.2}, {"Termination_parameter":0 "Gamma":0 "Epsilon":0 "Ucb_c":0 "Rollout_capture":0 "Termination_func_param":0 "POMCP_name":"" "Prior_hybrid":null "Selection_hybrid":null "Rollout_selection":null "Early_playout_termination":null "Opponent_modelling":false "OM_Threshold":0}, [{4 9 false} {23 18 false} {9 14 false} {21 16 false} {3 8 false} {22 17 false} {8 13 false} {17 13 true} {1 6 false} {18 14 true} {0 5 false} {20 15 false} {5 10 false} {24 19 false} {10 16 true} {15 10 false} {16 21 false}], [43567 0 44664 0 53998 0 67722 0 90405 0 86946 0 148337 0 266637 0 686979], [1 0 5 0 3 0 5 0 2 0 2 0 5 0 2 0 2] 
DPC_GREEDY_VS_BASELINE_OM, greedy, 0, {"Termination_parameter":1000 "Gamma":0.95 "Epsilon":0.05 "Ucb_c":5 "Rollout_capture":0 "Termination_func_param":0 "POMCP_name":"DPC_GREEDY_VS_BASELINE_OM" "Prior_hybrid":null "Selection_hybrid":null "Rollout_selection":null "Early_playout_termination":null "Opponent_modelling":true "OM_Threshold":0.2}, {"Termination_parameter":0 "Gamma":0 "Epsilon":0 "Ucb_c":0 "Rollout_capture":0 "Termination_func_param":0 "POMCP_name":"" "Prior_hybrid":null "Selection_hybrid":null "Rollout_selection":null "Early_playout_termination":null "Opponent_modelling":false "OM_Threshold":0}, [{4 9 false} {22 17 false} {9 14 false} {23 18 false} {1 6 false} {21 16 false} {14 19 false} {20 15 false} {2 7 false} {15 10 false} {6 10 true} {16 10 true} {3 8 false} {17 12 false} {8 12 true} {18 12 true} {0 5 false}], [44710 0 44109 0 53368 0 64802 0 89234 0 107606 0 198428 0 336802 0 1135830], [1 0 5 0 3 0 3 0 4 0 1 0 1 0 1 0 1] 
DPC_GREEDY_VS_BASELINE_OM, greedy, -1, {"Termination_parameter":1000 "Gamma":0.95 "Epsilon":0.05 "Ucb_c":5 "Rollout_capture":0 "Termination_func_param":0 "POMCP_name":"DPC_GREEDY_VS_BASELINE_OM" "Prior_hybrid":null "Selection_hybrid":null "Rollout_selection":null "Early_playout_termination":null "Opponent_modelling":true "OM_Threshold":0.2}, {"Termination_parameter":0 "Gamma":0 "Epsilon":0 "Ucb_c":0 "Rollout_capture":0 "Termination_func_param":0 "POMCP_name":"" "Prior_hybrid":null "Selection_hybrid":null "Rollout_selection":null "Early_playout_termination":null "Opponent_modelling":false "OM_Threshold":0}, [{4 9 false} {23 18 false} {9 14 false} {22 17 false} {3 8 false} {21 16 false} {8 13 false} {17 13 true} {1 6 false} {18 14 true} {0 5 false} {20 15 false} {6 11 false} {15 11 true} {5 10 false} {16 10 true} {2 7 false} {11 7 true}], [44801 0 44837 0 53978 0 65948 0 88850 0 83574 0 144199 0 154846 0 165490 0], [1 0 5 0 3 0 5 0 2 0 2 0 5 0 3 0 1 0] 
DPC_GREEDY_VS_BASELINE_OM, greedy, 1, {"Termination_parameter":1000 "Gamma":0.95 "Epsilon":0.05 "Ucb_c":5 "Rollout_capture":0 "Termination_func_param":0 "POMCP_name":"DPC_GREEDY_VS_BASELINE_OM" "Prior_hybrid":null "Selection_hybrid":null "Rollout_selection":null "Early_playout_termination":null "Opponent_modelling":true "OM_Threshold":0.2}, {"Termination_parameter":0 "Gamma":0 "Epsilon":0 "Ucb_c":0 "Rollout_capture":0 "Termination_func_param":0 "POMCP_name":"" "Prior_hybrid":null "Selection_hybrid":null "Rollout_selection":null "Early_playout_termination":null "Opponent_modelling":false "OM_Threshold":0}, [{4 9 false} {21 16 false} {9 14 false} {23 18 false} {3 8 false} {22 17 false} {8 13 false} {17 13 true} {1 6 false} {18 14 true} {0 5 false} {24 19 false} {5 10 false} {16 10 true} {6 11 false} {20 15 false} {11 16 false} {14 9 false} {16 21 false}], [44347 0 44034 0 55512 0 66125 0 90084 0 83123 0 147776 0 167154 0 370124 0 1175012], [1 0 5 0 3 0 5 0 2 0 2 0 5 0 3 0 3 0 6] 
DPC_GREEDY_VS_BASELINE_OM, greedy, 1, {"Termination_parameter":1000 "Gamma":0.95 "Epsilon":0.05 "Ucb_c":5 "Rollout_capture":0 "Termination_func_param":0 "POMCP_name":"DPC_GREEDY_VS_BASELINE_OM" "Prior_hybrid":null "Selection_hybrid":null "Rollout_selection":null "Early_playout_termination":null "Opponent_modelling":true "OM_Threshold":0.2}, {"Termination_parameter":0 "Gamma":0 "Epsilon":0 "Ucb_c":0 "Rollout_capture":0 "Termination_func_param":0 "POMCP_name":"" "Prior_hybrid":null "Selection_hybrid":null "Rollout_selection":null "Early_playout_termination":null "Opponent_modelling":false "OM_Threshold":0}, [{4 9 false} {22 17 false} {9 14 false} {23 18 false} {3 8 false} {21 16 false} {8 13 false} {17 13 true} {1 6 false} {18 14 true} {0 5 false} {24 19 false} {6 11 false} {20 15 false} {11 15 true} {16 11 false} {15 20 false}], [43674 0 44765 0 54935 0 67417 0 91708 0 85652 0 143632 0 259667 0 676549], [1 0 5 0 3 0 5 0 2 0 2 0 5 0 2 0 2] 
DPC_GREEDY_VS_BASELINE_OM, greedy, -1, {"Termination_parameter":1000 "Gamma":0.95 "Epsilon":0.05 "Ucb_c":5 "Rollout_capture":0 "Termination_func_param":0 "POMCP_name":"DPC_GREEDY_VS_BASELINE_OM" "Prior_hybrid":null "Selection_hybrid":null "Rollout_selection":null "Early_playout_termination":null "Opponent_modelling":true "OM_Threshold":0.2}, {"Termination_parameter":0 "Gamma":0 "Epsilon":0 "Ucb_c":0 "Rollout_capture":0 "Termination_func_param":0 "POMCP_name":"" "Prior_hybrid":null "Selection_hybrid":null "Rollout_selection":null "Early_playout_termination":null "Opponent_modelling":false "OM_Threshold":0}, [{4 9 false} {22 17 false} {9 14 false} {23 18 false} {1 6 false} {21 16 false} {2 7 false} {24 19 false} {3 8 false} {18 14 true} {8 13 false} {19 13 true} {7 12 false} {16 12 true} {6 12 true} {20 15 false} {0 5 false} {15 10 false}], [44016 0 45761 0 54580 0 67474 0 67804 0 138906 0 108553 0 167214 0 530804 0], [1 0 5 0 3 0 3 0 3 0 3 0 5 0 3 0 3 0] 
DPC_GREEDY_VS_BASELINE_OM, greedy, 1, {"Termination_parameter":1000 "Gamma":0.95 "Epsilon":0.05 "Ucb_c":5 "Rollout_capture":0 "Termination_func_param":0 "POMCP_name":"DPC_GREEDY_VS_BASELINE_OM" "Prior_hybrid":null "Selection_hybrid":null "Rollout_selection":null "Early_playout_termination":null "Opponent_modelling":true "OM_Threshold":0.2}, {"Termination_parameter":0 "Gamma":0 "Epsilon":0 "Ucb_c":0 "Rollout_capture":0 "Termination_func_param":0 "POMCP_name":"" "Prior_hybrid":null "Selection_hybrid":null "Rollout_selection":null "Early_playout_termination":null "Opponent_modelling":false "OM_Threshold":0}, [{4 9 false} {21 16 false} {9 14 false} {22 17 false} {0 5 false} {23 18 false} {1 6 false} {18 14 true} {2 7 false} {24 19 false} {6 11 false} {17 11 true} {5 11 true} {20 15 false} {11 15 true} {14 9 false} {15 20 false}], [42886 0 43685 0 65701 0 56480 0 76391 0 86054 0 116424 0 194866 0 234654], [1 0 5 0 7 0 4 0 3 0 4 0 6 0 1 0 1] 
DPC_GREEDY_VS_BASELINE_OM, greedy, 1, {"Termination_parameter":1000 "Gamma":0.95 "Epsilon":0.05 "Ucb_c":5 "Rollout_capture":0 "Termination_func_param":0 "POMCP_name":"DPC_GREEDY_VS_BASELINE_OM" "Prior_hybrid":null "Selection_hybrid":null "Rollout_selection":null "Early_playout_termination":null "Opponent_modelling":true "OM_Threshold":0.2}, {"Termination_parameter":0 "Gamma":0 "Epsilon":0 "Ucb_c":0 "Rollout_capture":0 "Termination_func_param":0 "POMCP_name":"" "Prior_hybrid":null "Selection_hybrid":null "Rollout_selection":null "Early_playout_termination":null "Opponent_modelling":false "OM_Threshold":0}, [{4 9 false} {23 18 false} {9 14 false} {21 16 false} {3 8 false} {22 17 false} {8 13 false} {17 13 true} {1 6 false} {18 14 true} {0 5 false} {24 19 false} {5 10 false} {16 10 true} {6 11 false} {20 15 false} {11 16 false} {14 9 false} {16 21 false}], [43177 0 45523 0 54521 0 66450 0 93805 0 84625 0 149001 0 172308 0 368663 0 1091596], [1 0 5 0 3 0 5 0 2 0 2 0 5 0 3 0 3 0 6] 
DPC_GREEDY_VS_BASELINE_OM, greedy, 1, {"Termination_parameter":1000 "Gamma":0.95 "Epsilon":0.05 "Ucb_c":5 "Rollout_capture":0 "Termination_func_param":0 "POMCP_name":"DPC_GREEDY_VS_BASELINE_OM" "Prior_hybrid":null "Selection_hybrid":null "Rollout_selection":null "Early_playout_termination":null "Opponent_modelling":true "OM_Threshold":0.2}, {"Termination_parameter":0 "Gamma":0 "Epsilon":0 "Ucb_c":0 "Rollout_capture":0 "Termination_func_param":0 "POMCP_name":"" "Prior_hybrid":null "Selection_hybrid":null "Rollout_selection":null "Early_playout_termination":null "Opponent_modelling":false "OM_Threshold":0}, [{4 9 false} {23 18 false} {9 14 false} {22 17 false} {0 5 false} {21 16 false} {1 6 false} {18 14 true} {6 11 false} {17 11 true} {5 11 true} {24 19 false} {2 7 false} {20 15 false} {11 15 true} {16 11 false} {15 20 false}], [42939 0 45792 0 55658 0 58988 0 81888 0 109507 0 150205 0 196737 0 283809], [1 0 5 0 3 0 4 0 3 0 4 0 2 0 1 0 1] 
DPC_GREEDY_VS_BASELINE_OM, greedy, -1, {"Termination_parameter":1000 "Gamma":0.95 "Epsilon":0.05 "Ucb_c":5 "Rollout_capture":0 "Termination_func_param":0 "POMCP_name":"DPC_GREEDY_VS_BASELINE_OM" "Prior_hybrid":null "Selection_hybrid":null "Rollout_selection":null "Early_playout_termination":null "Opponent_modelling":true "OM_Threshold":0.2}, {"Termination_parameter":0 "Gamma":0 "Epsilon":0 "Ucb_c":0 "Rollout_capture":0 "Termination_func_param":0 "POMCP_name":"" "Prior_hybrid":null "Selection_hybrid":null "Rollout_selection":null "Early_playout_termination":null "Opponent_modelling":false "OM_Threshold":0}, [{4 9 false} {23 18 false} {9 14 false} {22 17 false} {3 8 false} {21 16 false} {8 13 false} {17 13 true} {1 6 false} {18 14 true} {0 5 false} {20 15 false} {6 11 false} {15 11 true} {5 10 false} {24 19 false} {2 7 false} {13 7 true} {10 15 false} {7 2 false}], [44430 0 46510 0 54352 0 67331 0 95199 0 85331 0 145231 0 156715 0 188907 0 384680 0], [1 0 5 0 3 0 5 0 2 0 2 0 5 0 3 0 2 0 4 0] 
DPC_GREEDY_VS_BASELINE_OM, greedy, -1, {"Termination_parameter":1000 "Gamma":0.95 "Epsilon":0.05 "Ucb_c":5 "Rollout_capture":0 "Termination_func_param":0 "POMCP_name":"DPC_GREEDY_VS_BASELINE_OM" "Prior_hybrid":null "Selection_hybrid":null "Rollout_selection":null "Early_playout_termination":null "Opponent_modelling":true "OM_Threshold":0.2}, {"Termination_parameter":0 "Gamma":0 "Epsilon":0 "Ucb_c":0 "Rollout_capture":0 "Termination_func_param":0 "POMCP_name":"" "Prior_hybrid":null "Selection_hybrid":null "Rollout_selection":null "Early_playout_termination":null "Opponent_modelling":false "OM_Threshold":0}, [{4 9 false} {22 17 false} {9 14 false} {23 18 false} {1 6 false} {21 16 false} {2 7 false} {18 14 true} {7 12 false} {16 12 true} {6 11 false} {17 11 true} {3 8 false} {14 8 true} {0 5 false} {8 3 false}], [43632 0 44634 0 55557 0 66613 0 82258 0 100806 0 152821 0 221127 0], [1 0 5 0 3 0 3 0 3 0 2 0 2 0 4 0] 
DPC_GREEDY_VS_BASELINE_OM, greedy, 1, {"Termination_parameter":1000 "Gamma":0.95 "Epsilon":0.05 "Ucb_c":5 "Rollout_capture":0 "Termination_func_param":0 "POMCP_name":"DPC_GREEDY_VS_BASELINE_OM" "Prior_hybrid":null "Selection_hybrid":null "Rollout_selection":null "Early_playout_termination":null "Opponent_modelling":true "OM_Threshold":0.2}, {"Termination_parameter":0 "Gamma":0 "Epsilon":0 "Ucb_c":0 "Rollout_capture":0 "Termination_func_param":0 "POMCP_name":"" "Prior_hybrid":null "Selection_hybrid":null "Rollout_selection":null "Early_playout_termination":null "Opponent_modelling":false "OM_Threshold":0}, [{4 9 false} {23 18 false} {9 14 false} {22 17 false} {3 8 false} {21 16 false} {8 13 false} {17 13 true} {1 6 false} {18 14 true} {0 5 false} {24 19 false} {6 11 false} {20 15 false} {11 15 true} {13 8 false} {15 20 false}], [43233 0 45751 0 53738 0 67438 0 95377 0 85606 0 147136 0 264701 0 454079], [1 0 5 0 3 0 5 0 2 0 2 0 5 0 2 0 2] 
DPC_GREEDY_VS_BASELINE_OM, greedy, -1, {"Termination_parameter":1000 "Gamma":0.95 "Epsilon":0.05 "Ucb_c":5 "Rollout_capture":0 "Termination_func_param":0 "POMCP_name":"DPC_GREEDY_VS_BASELINE_OM" "Prior_hybrid":null "Selection_hybrid":null "Rollout_selection":null "Early_playout_termination":null "Opponent_modelling":true "OM_Threshold":0.2}, {"Termination_parameter":0 "Gamma":0 "Epsilon":0 "Ucb_c":0 "Rollout_capture":0 "Termination_func_param":0 "POMCP_name":"" "Prior_hybrid":null "Selection_hybrid":null "Rollout_selection":null "Early_playout_termination":null "Opponent_modelling":false "OM_Threshold":0}, [{0 5 false} {22 17 false} {4 9 false} {21 16 false} {5 10 false} {23 18 false} {10 15 false} {24 19 false} {9 14 false} {18 14 true} {2 7 false} {17 12 false} {1 6 false} {12 6 true} {7 12 false} {6 1 false}], [41932 0 48003 0 52379 0 62891 0 94390 0 137285 0 208618 0 382576 0], [1 0 5 0 11 0 4 0 7 0 4 0 1 0 1 0] 
DPC_GREEDY_VS_BASELINE_OM, greedy, 1, {"Termination_parameter":1000 "Gamma":0.95 "Epsilon":0.05 "Ucb_c":5 "Rollout_capture":0 "Termination_func_param":0 "POMCP_name":"DPC_GREEDY_VS_BASELINE_OM" "Prior_hybrid":null "Selection_hybrid":null "Rollout_selection":null "Early_playout_termination":null "Opponent_modelling":true "OM_Threshold":0.2}, {"Termination_parameter":0 "Gamma":0 "Epsilon":0 "Ucb_c":0 "Rollout_capture":0 "Termination_func_param":0 "POMCP_name":"" "Prior_hybrid":null "Selection_hybrid":null "Rollout_selection":null "Early_playout_termination":null "Opponent_modelling":false "OM_Threshold":0}, [{4 9 false} {23 18 false} {9 14 false} {21 16 false} {0 5 false} {22 17 false} {1 6 false} {18 14 true} {6 11 false} {17 11 true} {5 11 true} {20 15 false} {11 15 true} {24 19 false} {15 20 false}], [44966 0 45306 0 56011 0 57313 0 83007 0 106380 0 144396 0 283038], [1 0 5 0 3 0 4 0 3 0 4 0 1 0 2] 
DPC_GREEDY_VS_BASELINE_OM, greedy, 1, {"Termination_parameter":1000 "Gamma":0.95 "Epsilon":0.05 "Ucb_c":5 "Rollout_capture":0 "Termination_func_param":0 "POMCP_name":"DPC_GREEDY_VS_BASELINE_OM" "Prior_hybrid":null "Selection_hybrid":null "Rollout_selection":null "Early_playout_termination":null "Opponent_modelling":true "OM_Threshold":0.2}, {"Termination_parameter":0 "Gamma":0 "Epsilon":0 "Ucb_c":0 "Rollout_capture":0 "Termination_func_param":0 "POMCP_name":"" "Prior_hybrid":null "Selection_hybrid":null "Rollout_selection":null "Early_playout_termination":null "Opponent_modelling":false "OM_Threshold":0}, [{4 9 false} {22 17 false} {9 14 false} {21 16 false} {0 5 false} {23 18 false} {1 6 false} {18 14 true} {6 11 false} {17 11 true} {5 11 true} {24 19 false} {2 7 false} {20 15 false} {11 15 true} {16 11 false} {15 20 false}], [43173 0 45213 0 66158 0 57425 0 82513 0 107194 0 149150 0 198515 0 289586], [1 0 5 0 7 0 4 0 3 0 4 0 2 0 1 0 1] 
DPC_GREEDY_VS_BASELINE_OM, greedy, 1, {"Termination_parameter":1000 "Gamma":0.95 "Epsilon":0.05 "Ucb_c":5 "Rollout_capture":0 "Termination_func_param":0 "POMCP_name":"DPC_GREEDY_VS_BASELINE_OM" "Prior_hybrid":null "Selection_hybrid":null "Rollout_selection":null "Early_playout_termination":null "Opponent_modelling":true "OM_Threshold":0.2}, {"Termination_parameter":0 "Gamma":0 "Epsilon":0 "Ucb_c":0 "Rollout_capture":0 "Termination_func_param":0 "POMCP_name":"" "Prior_hybrid":null "Selection_hybrid":null "Rollout_selection":null "Early_playout_termination":null "Opponent_modelling":false "OM_Threshold":0}, [{4 9 false} {21 16 false} {9 14 false} {23 18 false} {0 5 false} {22 17 false} {1 6 false} {18 14 true} {5 10 false} {24 19 false} {2 7 false} {20 15 false} {10 16 true} {14 9 false} {16 21 false}], [44135 0 44772 0 55591 0 59381 0 81278 0 95014 0 113208 0 162672], [1 0 5 0 3 0 4 0 3 0 1 0 1 0 1] 
DPC_GREEDY_VS_BASELINE_OM, greedy, -1, {"Termination_parameter":1000 "Gamma":0.95 "Epsilon":0.05 "Ucb_c":5 "Rollout_capture":0 "Termination_func_param":0 "POMCP_name":"DPC_GREEDY_VS_BASELINE_OM" "Prior_hybrid":null "Selection_hybrid":null "Rollout_selection":null "Early_playout_termination":null "Opponent_modelling":true "OM_Threshold":0.2}, {"Termination_parameter":0 "Gamma":0 "Epsilon":0 "Ucb_c":0 "Rollout_capture":0 "Termination_func_param":0 "POMCP_name":"" "Prior_hybrid":null "Selection_hybrid":null "Rollout_selection":null "Early_playout_termination":null "Opponent_modelling":false "OM_Threshold":0}, [{4 9 false} {22 17 false} {9 14 false} {23 18 false} {3 8 false} {21 16 false} {8 13 false} {17 13 true} {1 6 false} {18 14 true} {0 5 false} {20 15 false} {5 10 false} {16 10 true} {6 11 false} {15 11 true} {2 7 false} {11 7 true}], [43280 0 45398 0 55165 0 67001 0 94534 0 85926 0 148058 0 171290 0 169450 0], [1 0 5 0 3 0 5 0 2 0 2 0 5 0 3 0 1 0] 
DPC_GREEDY_VS_BASELINE_OM, greedy, 1, {"Termination_parameter":1000 "Gamma":0.95 "Epsilon":0.05 "Ucb_c":5 "Rollout_capture":0 "Termination_func_param":0 "POMCP_name":"DPC_GREEDY_VS_BASELINE_OM" "Prior_hybrid":null "Selection_hybrid":null "Rollout_selection":null "Early_playout_termination":null "Opponent_modelling":true "OM_Threshold":0.2}, {"Termination_parameter":0 "Gamma":0 "Epsilon":0 "Ucb_c":0 "Rollout_capture":0 "Termination_func_param":0 "POMCP_name":"" "Prior_hybrid":null "Selection_hybrid":null "Rollout_selection":null "Early_playout_termination":null "Opponent_modelling":false "OM_Threshold":0}, [{4 9 false} {22 17 false} {9 14 false} {21 16 false} {0 5 false} {23 18 false} {1 6 false} {18 14 true} {6 11 false} {17 11 true} {5 11 true} {24 19 false} {2 7 false} {20 15 false} {11 15 true} {16 11 false} {15 20 false}], [42581 0 45068 0 64671 0 58386 0 80136 0 103178 0 149901 0 200786 0 277951], [1 0 5 0 7 0 4 0 3 0 4 0 2 0 1 0 1] 
DPC_GREEDY_VS_BASELINE_OM, greedy, -1, {"Termination_parameter":1000 "Gamma":0.95 "Epsilon":0.05 "Ucb_c":5 "Rollout_capture":0 "Termination_func_param":0 "POMCP_name":"DPC_GREEDY_VS_BASELINE_OM" "Prior_hybrid":null "Selection_hybrid":null "Rollout_selection":null "Early_playout_termination":null "Opponent_modelling":true "OM_Threshold":0.2}, {"Termination_parameter":0 "Gamma":0 "Epsilon":0 "Ucb_c":0 "Rollout_capture":0 "Termination_func_param":0 "POMCP_name":"" "Prior_hybrid":null "Selection_hybrid":null "Rollout_selection":null "Early_playout_termination":null "Opponent_modelling":false "OM_Threshold":0}, [{4 9 false} {23 18 false} {9 14 false} {21 16 false} {1 6 false} {22 17 false} {2 7 false} {18 14 true} {7 12 false} {16 12 true} {6 11 false} {17 11 true} {3 8 false} {14 8 true} {0 5 false} {8 3 false}], [45904 0 45651 0 56551 0 68117 0 79571 0 98777 0 150305 0 219548 0], [1 0 5 0 3 0 3 0 3 0 2 0 2 0 4 0] 
DPC_GREEDY_VS_BASELINE_OM, greedy, 1, {"Termination_parameter":1000 "Gamma":0.95 "Epsilon":0.05 "Ucb_c":5 "Rollout_capture":0 "Termination_func_param":0 "POMCP_name":"DPC_GREEDY_VS_BASELINE_OM" "Prior_hybrid":null "Selection_hybrid":null "Rollout_selection":null "Early_playout_termination":null "Opponent_modelling":true "OM_Threshold":0.2}, {"Termination_parameter":0 "Gamma":0 "Epsilon":0 "Ucb_c":0 "Rollout_capture":0 "Termination_func_param":0 "POMCP_name":"" "Prior_hybrid":null "Selection_hybrid":null "Rollout_selection":null "Early_playout_termination":null "Opponent_modelling":false "OM_Threshold":0}, [{4 9 false} {22 17 false} {9 14 false} {21 16 false} {0 5 false} {23 18 false} {1 6 false} {18 14 true} {6 11 false} {17 11 true} {5 11 true} {20 15 false} {11 15 true} {24 19 false} {15 20 false}], [43706 0 45510 0 65175 0 58020 0 82603 0 107640 0 143510 0 289427], [1 0 5 0 7 0 4 0 3 0 4 0 1 0 2] 
DPC_GREEDY_VS_BASELINE_OM, greedy, 1, {"Termination_parameter":1000 "Gamma":0.95 "Epsilon":0.05 "Ucb_c":5 "Rollout_capture":0 "Termination_func_param":0 "POMCP_name":"DPC_GREEDY_VS_BASELINE_OM" "Prior_hybrid":null "Selection_hybrid":null "Rollout_selection":null "Early_playout_termination":null "Opponent_modelling":true "OM_Threshold":0.2}, {"Termination_parameter":0 "Gamma":0 "Epsilon":0 "Ucb_c":0 "Rollout_capture":0 "Termination_func_param":0 "POMCP_name":"" "Prior_hybrid":null "Selection_hybrid":null "Rollout_selection":null "Early_playout_termination":null "Opponent_modelling":false "OM_Threshold":0}, [{4 9 false} {21 16 false} {9 14 false} {23 18 false} {0 5 false} {22 17 false} {1 6 false} {18 14 true} {6 11 false} {17 11 true} {5 11 true} {24 19 false} {2 7 false} {20 15 false} {11 15 true} {16 11 false} {15 20 false}], [42762 0 43739 0 55576 0 59218 0 82712 0 104375 0 150771 0 200322 0 290186], [1 0 5 0 3 0 4 0 3 0 4 0 2 0 1 0 1] 
DPC_GREEDY_VS_BASELINE_OM, greedy, 1, {"Termination_parameter":1000 "Gamma":0.95 "Epsilon":0.05 "Ucb_c":5 "Rollout_capture":0 "Termination_func_param":0 "POMCP_name":"DPC_GREEDY_VS_BASELINE_OM" "Prior_hybrid":null "Selection_hybrid":null "Rollout_selection":null "Early_playout_termination":null "Opponent_modelling":true "OM_Threshold":0.2}, {"Termination_parameter":0 "Gamma":0 "Epsilon":0 "Ucb_c":0 "Rollout_capture":0 "Termination_func_param":0 "POMCP_name":"" "Prior_hybrid":null "Selection_hybrid":null "Rollout_selection":null "Early_playout_termination":null "Opponent_modelling":false "OM_Threshold":0}, [{4 9 false} {22 17 false} {9 14 false} {21 16 false} {0 5 false} {23 18 false} {1 6 false} {18 14 true} {6 11 false} {17 11 true} {5 11 true} {24 19 false} {2 7 false} {20 15 false} {11 15 true} {16 11 false} {15 20 false}], [44781 0 45252 0 66075 0 57750 0 82488 0 108048 0 148374 0 196235 0 287715], [1 0 5 0 7 0 4 0 3 0 4 0 2 0 1 0 1] 
DPC_GREEDY_VS_BASELINE_OM, greedy, 0, {"Termination_parameter":1000 "Gamma":0.95 "Epsilon":0.05 "Ucb_c":5 "Rollout_capture":0 "Termination_func_param":0 "POMCP_name":"DPC_GREEDY_VS_BASELINE_OM" "Prior_hybrid":null "Selection_hybrid":null "Rollout_selection":null "Early_playout_termination":null "Opponent_modelling":true "OM_Threshold":0.2}, {"Termination_parameter":0 "Gamma":0 "Epsilon":0 "Ucb_c":0 "Rollout_capture":0 "Termination_func_param":0 "POMCP_name":"" "Prior_hybrid":null "Selection_hybrid":null "Rollout_selection":null "Early_playout_termination":null "Opponent_modelling":false "OM_Threshold":0}, [{4 9 false} {22 17 false} {9 14 false} {21 16 false} {0 5 false} {23 18 false} {14 18 true} {24 18 true} {2 7 false} {20 15 false} {5 10 false} {16 10 true} {3 8 false} {17 12 false} {8 13 false} {10 5 false} {1 5 true} {15 10 false}], [44036 0 43948 0 65545 0 59007 0 84460 0 96300 0 139800 0 259104 0 695596 0], [1 0 5 0 7 0 4 0 5 0 2 0 2 0 1 0 1 0] 
DPC_GREEDY_VS_BASELINE_OM, greedy, 0, {"Termination_parameter":1000 "Gamma":0.95 "Epsilon":0.05 "Ucb_c":5 "Rollout_capture":0 "Termination_func_param":0 "POMCP_name":"DPC_GREEDY_VS_BASELINE_OM" "Prior_hybrid":null "Selection_hybrid":null "Rollout_selection":null "Early_playout_termination":null "Opponent_modelling":true "OM_Threshold":0.2}, {"Termination_parameter":0 "Gamma":0 "Epsilon":0 "Ucb_c":0 "Rollout_capture":0 "Termination_func_param":0 "POMCP_name":"" "Prior_hybrid":null "Selection_hybrid":null "Rollout_selection":null "Early_playout_termination":null "Opponent_modelling":false "OM_Threshold":0}, [{4 9 false} {21 16 false} {9 14 false} {22 17 false} {0 5 false} {23 18 false} {14 18 true} {24 18 true} {2 7 false} {20 15 false} {1 6 false} {18 13 false} {7 13 true} {17 13 true} {3 8 false} {16 11 false} {5 11 true} {15 11 true}], [43569 0 44238 0 66500 0 59592 0 82845 0 96037 0 134454 0 265093 0 582957 0], [1 0 5 0 7 0 4 0 5 0 2 0 2 0 1 0 1 0] 
DPC_GREEDY_VS_BASELINE_OM, greedy, -1, {"Termination_parameter":1000 "Gamma":0.95 "Epsilon":0.05 "Ucb_c":5 "Rollout_capture":0 "Termination_func_param":0 "POMCP_name":"DPC_GREEDY_VS_BASELINE_OM" "Prior_hybrid":null "Selection_hybrid":null "Rollout_selection":null "Early_playout_termination":null "Opponent_modelling":true "OM_Threshold":0.2}, {"Termination_parameter":0 "Gamma":0 "Epsilon":0 "Ucb_c":0 "Rollout_capture":0 "Termination_func_param":0 "POMCP_name":"" "Prior_hybrid":null "Selection_hybrid":null "Rollout_selection":null "Early_playout_termination":null "Opponent_modelling":false "OM_Threshold":0}, [{4 9 false} {22 17 false} {9 14 false} {23 18 false} {3 8 false} {21 16 false} {8 13 false} {17 13 true} {1 6 false} {18 14 true} {0 5 false} {20 15 false} {5 10 false} {16 10 true} {6 11 false} {15 11 true} {2 7 false} {11 7 true}], [44508 0 44365 0 55135 0 68147 0 98516 0 88563 0 145500 0 174697 0 164948 0], [1 0 5 0 3 0 5 0 2 0 2 0 5 0 3 0 1 0] 
DPC_GREEDY_VS_BASELINE_OM, greedy, -1, {"Termination_parameter":1000 "Gamma":0.95 "Epsilon":0.05 "Ucb_c":5 "Rollout_capture":0 "Termination_func_param":0 "POMCP_name":"DPC_GREEDY_VS_BASELINE_OM" "Prior_hybrid":null "Selection_hybrid":null "Rollout_selection":null "Early_playout_termination":null "Opponent_modelling":true "OM_Threshold":0.2}, {"Termination_parameter":0 "Gamma":0 "Epsilon":0 "Ucb_c":0 "Rollout_capture":0 "Termination_func_param":0 "POMCP_name":"" "Prior_hybrid":null "Selection_hybrid":null "Rollout_selection":null "Early_playout_termination":null "Opponent_modelling":false "OM_Threshold":0}, [{4 9 false} {23 18 false} {9 14 false} {22 17 false} {3 8 false} {21 16 false} {8 13 false} {17 13 true} {1 6 false} {18 14 true} {0 5 false} {20 15 false} {5 10 false} {16 10 true} {6 11 false} {15 11 true} {2 7 false} {11 7 true}], [44480 0 45612 0 55686 0 69271 0 93975 0 84123 0 147578 0 173384 0 169799 0], [1 0 5 0 3 0 5 0 2 0 2 0 5 0 3 0 1 0] 
DPC_GREEDY_VS_BASELINE_OM, greedy, 1, {"Termination_parameter":1000 "Gamma":0.95 "Epsilon":0.05 "Ucb_c":5 "Rollout_capture":0 "Termination_func_param":0 "POMCP_name":"DPC_GREEDY_VS_BASELINE_OM" "Prior_hybrid":null "Selection_hybrid":null "Rollout_selection":null "Early_playout_termination":null "Opponent_modelling":true "OM_Threshold":0.2}, {"Termination_parameter":0 "Gamma":0 "Epsilon":0 "Ucb_c":0 "Rollout_capture":0 "Termination_func_param":0 "POMCP_name":"" "Prior_hybrid":null "Selection_hybrid":null "Rollout_selection":null "Early_playout_termination":null "Opponent_modelling":false "OM_Threshold":0}, [{4 9 false} {23 18 false} {9 14 false} {22 17 false} {3 8 false} {21 16 false} {8 13 false} {17 13 true} {1 6 false} {18 14 true} {0 5 false} {24 19 false} {6 11 false} {20 15 false} {11 15 true} {16 11 false} {15 20 false}], [44938 0 46278 0 55079 0 68801 0 92512 0 86310 0 147781 0 261880 0 701435], [1 0 5 0 3 0 5 0 2 0 2 0 5 0 2 0 2] 
DPC_GREEDY_VS_BASELINE_OM, greedy, 1, {"Termination_parameter":1000 "Gamma":0.95 "Epsilon":0.05 "Ucb_c":5 "Rollout_capture":0 "Termination_func_param":0 "POMCP_name":"DPC_GREEDY_VS_BASELINE_OM" "Prior_hybrid":null "Selection_hybrid":null "Rollout_selection":null "Early_playout_termination":null "Opponent_modelling":true "OM_Threshold":0.2}, {"Termination_parameter":0 "Gamma":0 "Epsilon":0 "Ucb_c":0 "Rollout_capture":0 "Termination_func_param":0 "POMCP_name":"" "Prior_hybrid":null "Selection_hybrid":null "Rollout_selection":null "Early_playout_termination":null "Opponent_modelling":false "OM_Threshold":0}, [{4 9 false} {22 17 false} {9 14 false} {23 18 false} {0 5 false} {21 16 false} {1 6 false} {18 14 true} {6 11 false} {17 11 true} {5 11 true} {24 19 false} {2 7 false} {20 15 false} {11 15 true} {14 9 false} {15 20 false}], [43954 0 42582 0 55650 0 58210 0 83521 0 106308 0 146973 0 200435 0 257119], [1 0 5 0 3 0 4 0 3 0 4 0 2 0 1 0 1] 
DPC_GREEDY_VS_BASELINE_OM, greedy, 1, {"Termination_parameter":1000 "Gamma":0.95 "Epsilon":0.05 "Ucb_c":5 "Rollout_capture":0 "Termination_func_param":0 "POMCP_name":"DPC_GREEDY_VS_BASELINE_OM" "Prior_hybrid":null "Selection_hybrid":null "Rollout_selection":null "Early_playout_termination":null "Opponent_modelling":true "OM_Threshold":0.2}, {"Termination_parameter":0 "Gamma":0 "Epsilon":0 "Ucb_c":0 "Rollout_capture":0 "Termination_func_param":0 "POMCP_name":"" "Prior_hybrid":null "Selection_hybrid":null "Rollout_selection":null "Early_playout_termination":null "Opponent_modelling":false "OM_Threshold":0}, [{4 9 false} {21 16 false} {9 14 false} {23 18 false} {3 8 false} {22 17 false} {8 13 false} {17 13 true} {1 6 false} {18 14 true} {0 5 false} {24 19 false} {6 11 false} {20 15 false} {11 15 true} {16 11 false} {15 20 false}], [43563 0 46281 0 54814 0 68852 0 94183 0 85867 0 143978 0 269825 0 691277], [1 0 5 0 3 0 5 0 2 0 2 0 5 0 2 0 2] 
DPC_GREEDY_VS_BASELINE_OM, greedy, 1, {"Termination_parameter":1000 "Gamma":0.95 "Epsilon":0.05 "Ucb_c":5 "Rollout_capture":0 "Termination_func_param":0 "POMCP_name":"DPC_GREEDY_VS_BASELINE_OM" "Prior_hybrid":null "Selection_hybrid":null "Rollout_selection":null "Early_playout_termination":null "Opponent_modelling":true "OM_Threshold":0.2}, {"Termination_parameter":0 "Gamma":0 "Epsilon":0 "Ucb_c":0 "Rollout_capture":0 "Termination_func_param":0 "POMCP_name":"" "Prior_hybrid":null "Selection_hybrid":null "Rollout_selection":null "Early_playout_termination":null "Opponent_modelling":false "OM_Threshold":0}, [{4 9 false} {23 18 false} {9 14 false} {22 17 false} {0 5 false} {21 16 false} {1 6 false} {18 14 true} {6 11 false} {17 11 true} {5 11 true} {24 19 false} {2 7 false} {20 15 false} {11 15 true} {14 9 false} {15 20 false}], [44967 0 44517 0 55063 0 58223 0 81837 0 107311 0 145485 0 193111 0 252526], [1 0 5 0 3 0 4 0 3 0 4 0 2 0 1 0 1] 
DPC_GREEDY_VS_BASELINE_OM, greedy, 1, {"Termination_parameter":1000 "Gamma":0.95 "Epsilon":0.05 "Ucb_c":5 "Rollout_capture":0 "Termination_func_param":0 "POMCP_name":"DPC_GREEDY_VS_BASELINE_OM" "Prior_hybrid":null "Selection_hybrid":null "Rollout_selection":null "Early_playout_termination":null "Opponent_modelling":true "OM_Threshold":0.2}, {"Termination_parameter":0 "Gamma":0 "Epsilon":0 "Ucb_c":0 "Rollout_capture":0 "Termination_func_param":0 "POMCP_name":"" "Prior_hybrid":null "Selection_hybrid":null "Rollout_selection":null "Early_playout_termination":null "Opponent_modelling":false "OM_Threshold":0}, [{4 9 false} {23 18 false} {9 14 false} {21 16 false} {3 8 false} {22 17 false} {8 13 false} {17 13 true} {1 6 false} {18 14 true} {0 5 false} {24 19 false} {6 11 false} {20 15 false} {11 15 true} {14 9 false} {15 20 false}], [43912 0 46327 0 55569 0 69467 0 99339 0 86380 0 149117 0 269057 0 1333162], [1 0 5 0 3 0 5 0 2 0 2 0 5 0 2 0 2] 
DPC_GREEDY_VS_BASELINE_OM, greedy, 1, {"Termination_parameter":1000 "Gamma":0.95 "Epsilon":0.05 "Ucb_c":5 "Rollout_capture":0 "Termination_func_param":0 "POMCP_name":"DPC_GREEDY_VS_BASELINE_OM" "Prior_hybrid":null "Selection_hybrid":null "Rollout_selection":null "Early_playout_termination":null "Opponent_modelling":true "OM_Threshold":0.2}, {"Termination_parameter":0 "Gamma":0 "Epsilon":0 "Ucb_c":0 "Rollout_capture":0 "Termination_func_param":0 "POMCP_name":"" "Prior_hybrid":null "Selection_hybrid":null "Rollout_selection":null "Early_playout_termination":null "Opponent_modelling":false "OM_Threshold":0}, [{4 9 false} {22 17 false} {9 14 false} {21 16 false} {0 5 false} {23 18 false} {1 6 false} {18 14 true} {6 11 false} {17 11 true} {5 11 true} {20 15 false} {11 15 true} {24 19 false} {15 20 false}], [43900 0 45018 0 65269 0 59437 0 81407 0 107209 0 146885 0 292111], [1 0 5 0 7 0 4 0 3 0 4 0 1 0 2] 
DPC_GREEDY_VS_BASELINE_OM, greedy, 1, {"Termination_parameter":1000 "Gamma":0.95 "Epsilon":0.05 "Ucb_c":5 "Rollout_capture":0 "Termination_func_param":0 "POMCP_name":"DPC_GREEDY_VS_BASELINE_OM" "Prior_hybrid":null "Selection_hybrid":null "Rollout_selection":null "Early_playout_termination":null "Opponent_modelling":true "OM_Threshold":0.2}, {"Termination_parameter":0 "Gamma":0 "Epsilon":0 "Ucb_c":0 "Rollout_capture":0 "Termination_func_param":0 "POMCP_name":"" "Prior_hybrid":null "Selection_hybrid":null "Rollout_selection":null "Early_playout_termination":null "Opponent_modelling":false "OM_Threshold":0}, [{4 9 false} {23 18 false} {9 14 false} {22 17 false} {3 8 false} {21 16 false} {8 13 false} {17 13 true} {1 6 false} {18 14 true} {0 5 false} {24 19 false} {6 11 false} {20 15 false} {11 15 true} {16 11 false} {15 20 false}], [44965 0 44919 0 55276 0 67760 0 93778 0 86473 0 143674 0 265396 0 718700], [1 0 5 0 3 0 5 0 2 0 2 0 5 0 2 0 2] 
DPC_GREEDY_VS_BASELINE_OM, greedy, 1, {"Termination_parameter":1000 "Gamma":0.95 "Epsilon":0.05 "Ucb_c":5 "Rollout_capture":0 "Termination_func_param":0 "POMCP_name":"DPC_GREEDY_VS_BASELINE_OM" "Prior_hybrid":null "Selection_hybrid":null "Rollout_selection":null "Early_playout_termination":null "Opponent_modelling":true "OM_Threshold":0.2}, {"Termination_parameter":0 "Gamma":0 "Epsilon":0 "Ucb_c":0 "Rollout_capture":0 "Termination_func_param":0 "POMCP_name":"" "Prior_hybrid":null "Selection_hybrid":null "Rollout_selection":null "Early_playout_termination":null "Opponent_modelling":false "OM_Threshold":0}, [{4 9 false} {23 18 false} {9 14 false} {22 17 false} {3 8 false} {21 16 false} {8 13 false} {17 13 true} {1 6 false} {18 14 true} {0 5 false} {24 19 false} {6 11 false} {20 15 false} {11 15 true} {16 11 false} {15 20 false}], [44874 0 44269 0 56094 0 68676 0 92957 0 85176 0 149391 0 262791 0 704938], [1 0 5 0 3 0 5 0 2 0 2 0 5 0 2 0 2] 
DPC_GREEDY_VS_BASELINE_OM, greedy, 1, {"Termination_parameter":1000 "Gamma":0.95 "Epsilon":0.05 "Ucb_c":5 "Rollout_capture":0 "Termination_func_param":0 "POMCP_name":"DPC_GREEDY_VS_BASELINE_OM" "Prior_hybrid":null "Selection_hybrid":null "Rollout_selection":null "Early_playout_termination":null "Opponent_modelling":true "OM_Threshold":0.2}, {"Termination_parameter":0 "Gamma":0 "Epsilon":0 "Ucb_c":0 "Rollout_capture":0 "Termination_func_param":0 "POMCP_name":"" "Prior_hybrid":null "Selection_hybrid":null "Rollout_selection":null "Early_playout_termination":null "Opponent_modelling":false "OM_Threshold":0}, [{4 9 false} {22 17 false} {9 14 false} {21 16 false} {0 5 false} {23 18 false} {1 6 false} {18 14 true} {6 11 false} {17 11 true} {5 11 true} {24 19 false} {2 7 false} {20 15 false} {11 15 true} {14 9 false} {15 20 false}], [43292 0 44628 0 66930 0 59743 0 80963 0 108161 0 148858 0 203284 0 255969], [1 0 5 0 7 0 4 0 3 0 4 0 2 0 1 0 1] 
DPC_GREEDY_VS_BASELINE_OM, greedy, 1, {"Termination_parameter":1000 "Gamma":0.95 "Epsilon":0.05 "Ucb_c":5 "Rollout_capture":0 "Termination_func_param":0 "POMCP_name":"DPC_GREEDY_VS_BASELINE_OM" "Prior_hybrid":null "Selection_hybrid":null "Rollout_selection":null "Early_playout_termination":null "Opponent_modelling":true "OM_Threshold":0.2}, {"Termination_parameter":0 "Gamma":0 "Epsilon":0 "Ucb_c":0 "Rollout_capture":0 "Termination_func_param":0 "POMCP_name":"" "Prior_hybrid":null "Selection_hybrid":null "Rollout_selection":null "Early_playout_termination":null "Opponent_modelling":false "OM_Threshold":0}, [{4 9 false} {23 18 false} {9 14 false} {21 16 false} {3 8 false} {22 17 false} {8 13 false} {17 13 true} {1 6 false} {18 14 true} {0 5 false} {24 19 false} {6 11 false} {20 15 false} {11 15 true} {16 11 false} {15 20 false}], [45482 0 45909 0 54018 0 68482 0 92701 0 82885 0 147228 0 265328 0 714999], [1 0 5 0 3 0 5 0 2 0 2 0 5 0 2 0 2] 
DPC_GREEDY_VS_BASELINE_OM, greedy, -1, {"Termination_parameter":1000 "Gamma":0.95 "Epsilon":0.05 "Ucb_c":5 "Rollout_capture":0 "Termination_func_param":0 "POMCP_name":"DPC_GREEDY_VS_BASELINE_OM" "Prior_hybrid":null "Selection_hybrid":null "Rollout_selection":null "Early_playout_termination":null "Opponent_modelling":true "OM_Threshold":0.2}, {"Termination_parameter":0 "Gamma":0 "Epsilon":0 "Ucb_c":0 "Rollout_capture":0 "Termination_func_param":0 "POMCP_name":"" "Prior_hybrid":null "Selection_hybrid":null "Rollout_selection":null "Early_playout_termination":null "Opponent_modelling":false "OM_Threshold":0}, [{4 9 false} {23 18 false} {9 14 false} {22 17 false} {3 8 false} {21 16 false} {8 13 false} {17 13 true} {1 6 false} {18 14 true} {0 5 false} {20 15 false} {6 11 false} {15 11 true} {5 10 false} {24 19 false} {2 7 false} {11 7 true} {10 15 false} {7 2 false}], [44516 0 45558 0 54804 0 68426 0 90529 0 81569 0 149348 0 156775 0 187830 0 386918 0], [1 0 5 0 3 0 5 0 2 0 2 0 5 0 3 0 2 0 4 0] 
DPC_GREEDY_VS_BASELINE_OM, greedy, -1, {"Termination_parameter":1000 "Gamma":0.95 "Epsilon":0.05 "Ucb_c":5 "Rollout_capture":0 "Termination_func_param":0 "POMCP_name":"DPC_GREEDY_VS_BASELINE_OM" "Prior_hybrid":null "Selection_hybrid":null "Rollout_selection":null "Early_playout_termination":null "Opponent_modelling":true "OM_Threshold":0.2}, {"Termination_parameter":0 "Gamma":0 "Epsilon":0 "Ucb_c":0 "Rollout_capture":0 "Termination_func_param":0 "POMCP_name":"" "Prior_hybrid":null "Selection_hybrid":null "Rollout_selection":null "Early_playout_termination":null "Opponent_modelling":false "OM_Threshold":0}, [{4 9 false} {21 16 false} {9 14 false} {23 18 false} {3 8 false} {22 17 false} {8 13 false} {17 13 true} {1 6 false} {18 14 true} {0 5 false} {20 15 false} {6 11 false} {15 11 true} {5 10 false} {16 10 true} {2 7 false} {11 7 true}], [43792 0 44028 0 54942 0 68927 0 91791 0 82646 0 151509 0 149662 0 160932 0], [1 0 5 0 3 0 5 0 2 0 2 0 5 0 3 0 1 0] 
DPC_GREEDY_VS_BASELINE_OM, greedy, -1, {"Termination_parameter":1000 "Gamma":0.95 "Epsilon":0.05 "Ucb_c":5 "Rollout_capture":0 "Termination_func_param":0 "POMCP_name":"DPC_GREEDY_VS_BASELINE_OM" "Prior_hybrid":null "Selection_hybrid":null "Rollout_selection":null "Early_playout_termination":null "Opponent_modelling":true "OM_Threshold":0.2}, {"Termination_parameter":0 "Gamma":0 "Epsilon":0 "Ucb_c":0 "Rollout_capture":0 "Termination_func_param":0 "POMCP_name":"" "Prior_hybrid":null "Selection_hybrid":null "Rollout_selection":null "Early_playout_termination":null "Opponent_modelling":false "OM_Threshold":0}, [{4 9 false} {23 18 false} {9 14 false} {22 17 false} {3 8 false} {21 16 false} {8 13 false} {17 13 true} {0 5 false} {18 14 true} {1 6 false} {20 15 false} {5 10 false} {16 10 true} {6 11 false} {15 11 true} {2 7 false} {11 7 true}], [43553 0 45957 0 55172 0 64596 0 95843 0 85356 0 143736 0 179092 0 167955 0], [1 0 5 0 3 0 5 0 2 0 2 0 5 0 3 0 1 0] 
DPC_GREEDY_VS_BASELINE_OM, greedy, 1, {"Termination_parameter":1000 "Gamma":0.95 "Epsilon":0.05 "Ucb_c":5 "Rollout_capture":0 "Termination_func_param":0 "POMCP_name":"DPC_GREEDY_VS_BASELINE_OM" "Prior_hybrid":null "Selection_hybrid":null "Rollout_selection":null "Early_playout_termination":null "Opponent_modelling":true "OM_Threshold":0.2}, {"Termination_parameter":0 "Gamma":0 "Epsilon":0 "Ucb_c":0 "Rollout_capture":0 "Termination_func_param":0 "POMCP_name":"" "Prior_hybrid":null "Selection_hybrid":null "Rollout_selection":null "Early_playout_termination":null "Opponent_modelling":false "OM_Threshold":0}, [{4 9 false} {23 18 false} {9 14 false} {21 16 false} {3 8 false} {22 17 false} {8 13 false} {17 13 true} {1 6 false} {18 14 true} {0 5 false} {24 19 false} {6 11 false} {20 15 false} {11 15 true} {16 11 false} {15 20 false}], [43664 0 45434 0 55813 0 68709 0 92619 0 84342 0 145028 0 265514 0 691098], [1 0 5 0 3 0 5 0 2 0 2 0 5 0 2 0 2] 
DPC_GREEDY_VS_BASELINE_OM, greedy, 1, {"Termination_parameter":1000 "Gamma":0.95 "Epsilon":0.05 "Ucb_c":5 "Rollout_capture":0 "Termination_func_param":0 "POMCP_name":"DPC_GREEDY_VS_BASELINE_OM" "Prior_hybrid":null "Selection_hybrid":null "Rollout_selection":null "Early_playout_termination":null "Opponent_modelling":true "OM_Threshold":0.2}, {"Termination_parameter":0 "Gamma":0 "Epsilon":0 "Ucb_c":0 "Rollout_capture":0 "Termination_func_param":0 "POMCP_name":"" "Prior_hybrid":null "Selection_hybrid":null "Rollout_selection":null "Early_playout_termination":null "Opponent_modelling":false "OM_Threshold":0}, [{4 9 false} {23 18 false} {9 14 false} {22 17 false} {0 5 false} {21 16 false} {1 6 false} {18 14 true} {6 11 false} {17 11 true} {5 11 true} {20 15 false} {11 15 true} {24 19 false} {15 20 false}], [43740 0 44795 0 54879 0 59785 0 81535 0 104695 0 146088 0 291495], [1 0 5 0 3 0 4 0 3 0 4 0 1 0 2] 
DPC_GREEDY_VS_BASELINE_OM, greedy, 1, {"Termination_parameter":1000 "Gamma":0.95 "Epsilon":0.05 "Ucb_c":5 "Rollout_capture":0 "Termination_func_param":0 "POMCP_name":"DPC_GREEDY_VS_BASELINE_OM" "Prior_hybrid":null "Selection_hybrid":null "Rollout_selection":null "Early_playout_termination":null "Opponent_modelling":true "OM_Threshold":0.2}, {"Termination_parameter":0 "Gamma":0 "Epsilon":0 "Ucb_c":0 "Rollout_capture":0 "Termination_func_param":0 "POMCP_name":"" "Prior_hybrid":null "Selection_hybrid":null "Rollout_selection":null "Early_playout_termination":null "Opponent_modelling":false "OM_Threshold":0}, [{4 9 false} {23 18 false} {9 14 false} {21 16 false} {0 5 false} {22 17 false} {1 6 false} {18 14 true} {6 11 false} {17 11 true} {5 11 true} {24 19 false} {2 7 false} {20 15 false} {11 15 true} {14 9 false} {15 20 false}], [43860 0 45389 0 54609 0 57625 0 82693 0 106519 0 149522 0 201713 0 253916], [1 0 5 0 3 0 4 0 3 0 4 0 2 0 1 0 1] 
DPC_GREEDY_VS_BASELINE_OM, greedy, 1, {"Termination_parameter":1000 "Gamma":0.95 "Epsilon":0.05 "Ucb_c":5 "Rollout_capture":0 "Termination_func_param":0 "POMCP_name":"DPC_GREEDY_VS_BASELINE_OM" "Prior_hybrid":null "Selection_hybrid":null "Rollout_selection":null "Early_playout_termination":null "Opponent_modelling":true "OM_Threshold":0.2}, {"Termination_parameter":0 "Gamma":0 "Epsilon":0 "Ucb_c":0 "Rollout_capture":0 "Termination_func_param":0 "POMCP_name":"" "Prior_hybrid":null "Selection_hybrid":null "Rollout_selection":null "Early_playout_termination":null "Opponent_modelling":false "OM_Threshold":0}, [{4 9 false} {21 16 false} {9 14 false} {23 18 false} {3 8 false} {22 17 false} {8 13 false} {17 13 true} {1 6 false} {18 14 true} {0 5 false} {24 19 false} {6 11 false} {20 15 false} {11 15 true} {16 11 false} {15 20 false}], [44314 0 46655 0 54204 0 67404 0 89367 0 83771 0 149441 0 264937 0 687030], [1 0 5 0 3 0 5 0 2 0 2 0 5 0 2 0 2] 
DPC_GREEDY_VS_BASELINE_OM, greedy, -1, {"Termination_parameter":1000 "Gamma":0.95 "Epsilon":0.05 "Ucb_c":5 "Rollout_capture":0 "Termination_func_param":0 "POMCP_name":"DPC_GREEDY_VS_BASELINE_OM" "Prior_hybrid":null "Selection_hybrid":null "Rollout_selection":null "Early_playout_termination":null "Opponent_modelling":true "OM_Threshold":0.2}, {"Termination_parameter":0 "Gamma":0 "Epsilon":0 "Ucb_c":0 "Rollout_capture":0 "Termination_func_param":0 "POMCP_name":"" "Prior_hybrid":null "Selection_hybrid":null "Rollout_selection":null "Early_playout_termination":null "Opponent_modelling":false "OM_Threshold":0}, [{4 9 false} {23 18 false} {9 14 false} {21 16 false} {3 8 false} {22 17 false} {8 13 false} {17 13 true} {1 6 false} {18 14 true} {0 5 false} {20 15 false} {5 10 false} {16 10 true} {6 11 false} {15 11 true} {2 7 false} {11 7 true}], [41673 0 44753 0 55583 0 68745 0 89046 0 86107 0 145936 0 168427 0 165279 0], [1 0 5 0 3 0 5 0 2 0 2 0 5 0 3 0 1 0] 
DPC_GREEDY_VS_BASELINE_OM, greedy, -1, {"Termination_parameter":1000 "Gamma":0.95 "Epsilon":0.05 "Ucb_c":5 "Rollout_capture":0 "Termination_func_param":0 "POMCP_name":"DPC_GREEDY_VS_BASELINE_OM" "Prior_hybrid":null "Selection_hybrid":null "Rollout_selection":null "Early_playout_termination":null "Opponent_modelling":true "OM_Threshold":0.2}, {"Termination_parameter":0 "Gamma":0 "Epsilon":0 "Ucb_c":0 "Rollout_capture":0 "Termination_func_param":0 "POMCP_name":"" "Prior_hybrid":null "Selection_hybrid":null "Rollout_selection":null "Early_playout_termination":null "Opponent_modelling":false "OM_Threshold":0}, [{4 9 false} {21 16 false} {9 14 false} {23 18 false} {3 8 false} {22 17 false} {8 13 false} {17 13 true} {1 6 false} {18 14 true} {0 5 false} {20 15 false} {6 11 false} {15 11 true} {5 10 false} {16 10 true} {2 7 false} {11 7 true}], [43291 0 43752 0 56109 0 70075 0 88049 0 85598 0 147698 0 151433 0 161235 0], [1 0 5 0 3 0 5 0 2 0 2 0 5 0 3 0 1 0] 
DPC_GREEDY_VS_BASELINE_OM, greedy, -1, {"Termination_parameter":1000 "Gamma":0.95 "Epsilon":0.05 "Ucb_c":5 "Rollout_capture":0 "Termination_func_param":0 "POMCP_name":"DPC_GREEDY_VS_BASELINE_OM" "Prior_hybrid":null "Selection_hybrid":null "Rollout_selection":null "Early_playout_termination":null "Opponent_modelling":true "OM_Threshold":0.2}, {"Termination_parameter":0 "Gamma":0 "Epsilon":0 "Ucb_c":0 "Rollout_capture":0 "Termination_func_param":0 "POMCP_name":"" "Prior_hybrid":null "Selection_hybrid":null "Rollout_selection":null "Early_playout_termination":null "Opponent_modelling":false "OM_Threshold":0}, [{4 9 false} {23 18 false} {9 14 false} {21 16 false} {3 8 false} {22 17 false} {8 13 false} {17 13 true} {1 6 false} {18 14 true} {0 5 false} {20 15 false} {6 11 false} {15 11 true} {5 10 false} {16 10 true} {2 7 false} {11 7 true}], [45061 0 44761 0 55804 0 65770 0 99338 0 84828 0 148831 0 155094 0 167459 0], [1 0 5 0 3 0 5 0 2 0 2 0 5 0 3 0 1 0] 
DPC_GREEDY_VS_BASELINE_OM, greedy, -1, {"Termination_parameter":1000 "Gamma":0.95 "Epsilon":0.05 "Ucb_c":5 "Rollout_capture":0 "Termination_func_param":0 "POMCP_name":"DPC_GREEDY_VS_BASELINE_OM" "Prior_hybrid":null "Selection_hybrid":null "Rollout_selection":null "Early_playout_termination":null "Opponent_modelling":true "OM_Threshold":0.2}, {"Termination_parameter":0 "Gamma":0 "Epsilon":0 "Ucb_c":0 "Rollout_capture":0 "Termination_func_param":0 "POMCP_name":"" "Prior_hybrid":null "Selection_hybrid":null "Rollout_selection":null "Early_playout_termination":null "Opponent_modelling":false "OM_Threshold":0}, [{4 9 false} {23 18 false} {9 14 false} {22 17 false} {1 6 false} {21 16 false} {2 7 false} {24 19 false} {7 12 false} {16 12 true} {3 8 false} {12 8 true} {14 18 true} {8 3 false}], [43000 0 45400 0 54166 0 67046 0 69085 0 96081 0 349735 0], [1 0 5 0 3 0 3 0 3 0 2 0 2 0] 
DPC_GREEDY_VS_BASELINE_OM, greedy, 0, {"Termination_parameter":1000 "Gamma":0.95 "Epsilon":0.05 "Ucb_c":5 "Rollout_capture":0 "Termination_func_param":0 "POMCP_name":"DPC_GREEDY_VS_BASELINE_OM" "Prior_hybrid":null "Selection_hybrid":null "Rollout_selection":null "Early_playout_termination":null "Opponent_modelling":true "OM_Threshold":0.2}, {"Termination_parameter":0 "Gamma":0 "Epsilon":0 "Ucb_c":0 "Rollout_capture":0 "Termination_func_param":0 "POMCP_name":"" "Prior_hybrid":null "Selection_hybrid":null "Rollout_selection":null "Early_playout_termination":null "Opponent_modelling":false "OM_Threshold":0}, [{4 9 false} {22 17 false} {9 14 false} {21 16 false} {0 5 false} {23 18 false} {14 18 true} {24 18 true} {2 7 false} {20 15 false} {1 6 false} {18 13 false} {7 13 true} {17 13 true} {3 8 false} {16 11 false} {5 11 true} {15 11 true}], [43430 0 44855 0 66661 0 59650 0 77690 0 95066 0 136052 0 250172 0 585163 0], [1 0 5 0 7 0 4 0 5 0 2 0 2 0 1 0 1 0] 
DPC_GREEDY_VS_BASELINE_OM, greedy, -1, {"Termination_parameter":1000 "Gamma":0.95 "Epsilon":0.05 "Ucb_c":5 "Rollout_capture":0 "Termination_func_param":0 "POMCP_name":"DPC_GREEDY_VS_BASELINE_OM" "Prior_hybrid":null "Selection_hybrid":null "Rollout_selection":null "Early_playout_termination":null "Opponent_modelling":true "OM_Threshold":0.2}, {"Termination_parameter":0 "Gamma":0 "Epsilon":0 "Ucb_c":0 "Rollout_capture":0 "Termination_func_param":0 "POMCP_name":"" "Prior_hybrid":null "Selection_hybrid":null "Rollout_selection":null "Early_playout_termination":null "Opponent_modelling":false "OM_Threshold":0}, [{4 9 false} {23 18 false} {9 14 false} {21 16 false} {3 8 false} {22 17 false} {8 13 false} {17 13 true} {1 6 false} {18 14 true} {0 5 false} {20 15 false} {5 10 false} {16 10 true} {6 11 false} {15 11 true} {2 7 false} {11 7 true}], [44460 0 46143 0 52866 0 67271 0 95622 0 83343 0 149226 0 174337 0 166712 0], [1 0 5 0 3 0 5 0 2 0 2 0 5 0 3 0 1 0] 
