greedy, DPC_GREEDY_VS_BASELINE, -1, {"Termination_parameter":0 "Gamma":0 "Epsilon":0 "Ucb_c":0 "Rollout_capture":0 "Termination_func_param":0 "POMCP_name":"" "Prior_hybrid":null "Selection_hybrid":null "Rollout_selection":null "Early_playout_termination":null "Opponent_modelling":false "OM_Threshold":0}, {"Termination_parameter":1000 "Gamma":0.95 "Epsilon":0.05 "Ucb_c":5 "Rollout_capture":0 "Termination_func_param":0 "POMCP_name":"DPC_GREEDY_VS_BASELINE" "Prior_hybrid":null "Selection_hybrid":null "Rollout_selection":null "Early_playout_termination":null "Opponent_modelling":false "OM_Threshold":0}, [{3 8 false} {23 18 false} {1 6 false} {18 13 false} {2 7 false} {13 7 true} {0 5 false} {7 2 false}], [0 71447 0 79098 0 242366 0 697341], [0 5 0 12 0 2 0 4] 
greedy, DPC_GREEDY_VS_BASELINE, -1, {"Termination_parameter":0 "Gamma":0 "Epsilon":0 "Ucb_c":0 "Rollout_capture":0 "Termination_func_param":0 "POMCP_name":"" "Prior_hybrid":null "Selection_hybrid":null "Rollout_selection":null "Early_playout_termination":null "Opponent_modelling":false "OM_Threshold":0}, {"Termination_parameter":1000 "Gamma":0.95 "Epsilon":0.05 "Ucb_c":5 "Rollout_capture":0 "Termination_func_param":0 "POMCP_name":"DPC_GREEDY_VS_BASELINE" "Prior_hybrid":null "Selection_hybrid":null "Rollout_selection":null "Early_playout_termination":null "Opponent_modelling":false "OM_Threshold":0}, [{3 8 false} {22 17 false} {2 7 false} {23 18 false} {1 6 false} {18 13 false} {7 13 true} {17 13 true} {0 5 false} {21 16 false} {6 11 false} {24 19 false} {4 9 false} {19 14 false} {9 13 true} {14 9 false} {13 18 false} {9 4 false}], [0 78178 0 87616 0 81000 0 93746 0 137766 0 170843 0 239328 0 499620 0 1169342], [0 5 0 12 0 14 0 14 0 8 0 2 0 1 0 1 0 1] 
greedy, DPC_GREEDY_VS_BASELINE, -1, {"Termination_parameter":0 "Gamma":0 "Epsilon":0 "Ucb_c":0 "Rollout_capture":0 "Termination_func_param":0 "POMCP_name":"" "Prior_hybrid":null "Selection_hybrid":null "Rollout_selection":null "Early_playout_termination":null "Opponent_modelling":false "OM_Threshold":0}, {"Termination_parameter":1000 "Gamma":0.95 "Epsilon":0.05 "Ucb_c":5 "Rollout_capture":0 "Termination_func_param":0 "POMCP_name":"DPC_GREEDY_VS_BASELINE" "Prior_hybrid":null "Selection_hybrid":null "Rollout_selection":null "Early_playout_termination":null "Opponent_modelling":false "OM_Threshold":0}, [{3 8 false} {21 16 false} {1 6 false} {16 11 false} {2 7 false} {11 7 true} {0 5 false} {7 2 false}], [0 81924 0 89247 0 249694 0 684759], [0 5 0 12 0 2 0 4] 
greedy, DPC_GREEDY_VS_BASELINE, -1, {"Termination_parameter":0 "Gamma":0 "Epsilon":0 "Ucb_c":0 "Rollout_capture":0 "Termination_func_param":0 "POMCP_name":"" "Prior_hybrid":null "Selection_hybrid":null "Rollout_selection":null "Early_playout_termination":null "Opponent_modelling":false "OM_Threshold":0}, {"Termination_parameter":1000 "Gamma":0.95 "Epsilon":0.05 "Ucb_c":5 "Rollout_capture":0 "Termination_func_param":0 "POMCP_name":"DPC_GREEDY_VS_BASELINE" "Prior_hybrid":null "Selection_hybrid":null "Rollout_selection":null "Early_playout_termination":null "Opponent_modelling":false "OM_Threshold":0}, [{3 8 false} {21 16 false} {1 6 false} {16 11 false} {2 7 false} {11 7 true} {0 5 false} {7 2 false}], [0 82606 0 88714 0 250992 0 704097], [0 5 0 12 0 2 0 4] 
greedy, DPC_GREEDY_VS_BASELINE, 1, {"Termination_parameter":0 "Gamma":0 "Epsilon":0 "Ucb_c":0 "Rollout_capture":0 "Termination_func_param":0 "POMCP_name":"" "Prior_hybrid":null "Selection_hybrid":null "Rollout_selection":null "Early_playout_termination":null "Opponent_modelling":false "OM_Threshold":0}, {"Termination_parameter":1000 "Gamma":0.95 "Epsilon":0.05 "Ucb_c":5 "Rollout_capture":0 "Termination_func_param":0 "POMCP_name":"DPC_GREEDY_VS_BASELINE" "Prior_hybrid":null "Selection_hybrid":null "Rollout_selection":null "Early_playout_termination":null "Opponent_modelling":false "OM_Threshold":0}, [{1 6 false} {22 17 false} {2 7 false} {17 12 false} {6 12 true} {21 16 false} {12 16 true} {20 16 true} {3 8 false} {23 18 false} {0 5 false} {16 11 false} {5 11 true} {18 13 false} {7 13 true} {24 19 false} {13 19 true}], [0 82292 0 90512 0 95668 0 112431 0 138553 0 151624 0 293315 0 425853 0], [0 5 0 12 0 8 0 8 0 15 0 8 0 12 0 12 0] 
greedy, DPC_GREEDY_VS_BASELINE, 1, {"Termination_parameter":0 "Gamma":0 "Epsilon":0 "Ucb_c":0 "Rollout_capture":0 "Termination_func_param":0 "POMCP_name":"" "Prior_hybrid":null "Selection_hybrid":null "Rollout_selection":null "Early_playout_termination":null "Opponent_modelling":false "OM_Threshold":0}, {"Termination_parameter":1000 "Gamma":0.95 "Epsilon":0.05 "Ucb_c":5 "Rollout_capture":0 "Termination_func_param":0 "POMCP_name":"DPC_GREEDY_VS_BASELINE" "Prior_hybrid":null "Selection_hybrid":null "Rollout_selection":null "Early_playout_termination":null "Opponent_modelling":false "OM_Threshold":0}, [{1 6 false} {21 16 false} {2 7 false} {16 11 false} {7 11 true} {22 17 false} {11 17 true} {23 17 true} {3 8 false} {20 15 false} {0 5 false} {15 10 false} {6 10 true} {17 12 false} {8 12 true} {24 19 false} {12 17 false} {19 14 false} {4 9 false}], [0 83470 0 88763 0 96245 0 112342 0 139611 0 161637 0 334106 0 587538 0 885131 0], [0 5 0 12 0 8 0 8 0 15 0 14 0 8 0 4 0 10 0] 
greedy, DPC_GREEDY_VS_BASELINE, 1, {"Termination_parameter":0 "Gamma":0 "Epsilon":0 "Ucb_c":0 "Rollout_capture":0 "Termination_func_param":0 "POMCP_name":"" "Prior_hybrid":null "Selection_hybrid":null "Rollout_selection":null "Early_playout_termination":null "Opponent_modelling":false "OM_Threshold":0}, {"Termination_parameter":1000 "Gamma":0.95 "Epsilon":0.05 "Ucb_c":5 "Rollout_capture":0 "Termination_func_param":0 "POMCP_name":"DPC_GREEDY_VS_BASELINE" "Prior_hybrid":null "Selection_hybrid":null "Rollout_selection":null "Early_playout_termination":null "Opponent_modelling":false "OM_Threshold":0}, [{3 8 false} {21 16 false} {2 7 false} {16 11 false} {7 11 true} {22 17 false} {11 17 true} {23 17 true} {1 6 false} {20 15 false} {0 5 false} {15 10 false} {6 10 true} {17 12 false} {8 12 true} {24 19 false} {12 17 false} {19 14 false} {4 9 false}], [0 80667 0 88696 0 96760 0 115179 0 140554 0 158500 0 331664 0 586040 0 886682 0], [0 5 0 12 0 8 0 8 0 15 0 14 0 8 0 4 0 10 0] 
greedy, DPC_GREEDY_VS_BASELINE, -1, {"Termination_parameter":0 "Gamma":0 "Epsilon":0 "Ucb_c":0 "Rollout_capture":0 "Termination_func_param":0 "POMCP_name":"" "Prior_hybrid":null "Selection_hybrid":null "Rollout_selection":null "Early_playout_termination":null "Opponent_modelling":false "OM_Threshold":0}, {"Termination_parameter":1000 "Gamma":0.95 "Epsilon":0.05 "Ucb_c":5 "Rollout_capture":0 "Termination_func_param":0 "POMCP_name":"DPC_GREEDY_VS_BASELINE" "Prior_hybrid":null "Selection_hybrid":null "Rollout_selection":null "Early_playout_termination":null "Opponent_modelling":false "OM_Threshold":0}, [{1 6 false} {23 18 false} {3 8 false} {18 13 false} {2 7 false} {13 7 true} {0 5 false} {7 2 false}], [0 80010 0 87136 0 248446 0 687982], [0 5 0 12 0 2 0 4] 
greedy, DPC_GREEDY_VS_BASELINE, 1, {"Termination_parameter":0 "Gamma":0 "Epsilon":0 "Ucb_c":0 "Rollout_capture":0 "Termination_func_param":0 "POMCP_name":"" "Prior_hybrid":null "Selection_hybrid":null "Rollout_selection":null "Early_playout_termination":null "Opponent_modelling":false "OM_Threshold":0}, {"Termination_parameter":1000 "Gamma":0.95 "Epsilon":0.05 "Ucb_c":5 "Rollout_capture":0 "Termination_func_param":0 "POMCP_name":"DPC_GREEDY_VS_BASELINE" "Prior_hybrid":null "Selection_hybrid":null "Rollout_selection":null "Early_playout_termination":null "Opponent_modelling":false "OM_Threshold":0}, [{1 6 false} {23 18 false} {2 7 false} {18 13 false} {7 13 true} {22 17 false} {13 17 true} {21 17 true} {3 8 false} {24 19 false} {0 5 false} {19 14 false} {8 14 true} {17 12 false} {6 12 true} {20 15 false} {5 10 false}], [0 80886 0 88669 0 94888 0 116327 0 142094 0 161348 0 327444 0 585328 0], [0 5 0 12 0 8 0 8 0 15 0 14 0 8 0 4 0] 
greedy, DPC_GREEDY_VS_BASELINE, -1, {"Termination_parameter":0 "Gamma":0 "Epsilon":0 "Ucb_c":0 "Rollout_capture":0 "Termination_func_param":0 "POMCP_name":"" "Prior_hybrid":null "Selection_hybrid":null "Rollout_selection":null "Early_playout_termination":null "Opponent_modelling":false "OM_Threshold":0}, {"Termination_parameter":1000 "Gamma":0.95 "Epsilon":0.05 "Ucb_c":5 "Rollout_capture":0 "Termination_func_param":0 "POMCP_name":"DPC_GREEDY_VS_BASELINE" "Prior_hybrid":null "Selection_hybrid":null "Rollout_selection":null "Early_playout_termination":null "Opponent_modelling":false "OM_Threshold":0}, [{3 8 false} {23 18 false} {1 6 false} {18 13 false} {2 7 false} {13 7 true} {0 5 false} {7 2 false}], [0 80929 0 81850 0 244520 0 698742], [0 5 0 12 0 2 0 4] 
greedy, DPC_GREEDY_VS_BASELINE, 1, {"Termination_parameter":0 "Gamma":0 "Epsilon":0 "Ucb_c":0 "Rollout_capture":0 "Termination_func_param":0 "POMCP_name":"" "Prior_hybrid":null "Selection_hybrid":null "Rollout_selection":null "Early_playout_termination":null "Opponent_modelling":false "OM_Threshold":0}, {"Termination_parameter":1000 "Gamma":0.95 "Epsilon":0.05 "Ucb_c":5 "Rollout_capture":0 "Termination_func_param":0 "POMCP_name":"DPC_GREEDY_VS_BASELINE" "Prior_hybrid":null "Selection_hybrid":null "Rollout_selection":null "Early_playout_termination":null "Opponent_modelling":false "OM_Threshold":0}, [{2 7 false} {23 18 false} {1 6 false} {18 13 false} {7 13 true} {22 17 false} {13 17 true} {21 17 true} {3 8 false} {24 19 false} {0 5 false} {19 14 false} {8 14 true} {17 12 false} {6 12 true} {20 15 false} {5 10 false}], [0 82012 0 89759 0 95509 0 115613 0 142458 0 157794 0 328319 0 591975 0], [0 5 0 12 0 8 0 8 0 15 0 14 0 8 0 4 0] 
greedy, DPC_GREEDY_VS_BASELINE, 1, {"Termination_parameter":0 "Gamma":0 "Epsilon":0 "Ucb_c":0 "Rollout_capture":0 "Termination_func_param":0 "POMCP_name":"" "Prior_hybrid":null "Selection_hybrid":null "Rollout_selection":null "Early_playout_termination":null "Opponent_modelling":false "OM_Threshold":0}, {"Termination_parameter":1000 "Gamma":0.95 "Epsilon":0.05 "Ucb_c":5 "Rollout_capture":0 "Termination_func_param":0 "POMCP_name":"DPC_GREEDY_VS_BASELINE" "Prior_hybrid":null "Selection_hybrid":null "Rollout_selection":null "Early_playout_termination":null "Opponent_modelling":false "OM_Threshold":0}, [{2 7 false} {23 18 false} {1 6 false} {18 13 false} {7 13 true} {22 17 false} {13 17 true} {21 17 true} {3 8 false} {24 19 false} {0 5 false} {19 14 false} {8 14 true} {17 12 false} {6 12 true} {20 15 false} {5 10 false}], [0 80920 0 87992 0 96226 0 115765 0 142868 0 156623 0 329008 0 582345 0], [0 5 0 12 0 8 0 8 0 15 0 14 0 8 0 4 0] 
greedy, DPC_GREEDY_VS_BASELINE, 1, {"Termination_parameter":0 "Gamma":0 "Epsilon":0 "Ucb_c":0 "Rollout_capture":0 "Termination_func_param":0 "POMCP_name":"" "Prior_hybrid":null "Selection_hybrid":null "Rollout_selection":null "Early_playout_termination":null "Opponent_modelling":false "OM_Threshold":0}, {"Termination_parameter":1000 "Gamma":0.95 "Epsilon":0.05 "Ucb_c":5 "Rollout_capture":0 "Termination_func_param":0 "POMCP_name":"DPC_GREEDY_VS_BASELINE" "Prior_hybrid":null "Selection_hybrid":null "Rollout_selection":null "Early_playout_termination":null "Opponent_modelling":false "OM_Threshold":0}, [{3 8 false} {23 18 false} {2 7 false} {18 13 false} {7 13 true} {22 17 false} {13 17 true} {21 17 true} {1 6 false} {24 19 false} {0 5 false} {19 14 false} {8 14 true} {17 12 false} {6 12 true} {20 15 false} {5 10 false}], [0 78905 0 85929 0 93777 0 114833 0 142553 0 159538 0 326241 0 582180 0], [0 5 0 12 0 8 0 8 0 15 0 14 0 8 0 4 0] 
greedy, DPC_GREEDY_VS_BASELINE, 1, {"Termination_parameter":0 "Gamma":0 "Epsilon":0 "Ucb_c":0 "Rollout_capture":0 "Termination_func_param":0 "POMCP_name":"" "Prior_hybrid":null "Selection_hybrid":null "Rollout_selection":null "Early_playout_termination":null "Opponent_modelling":false "OM_Threshold":0}, {"Termination_parameter":1000 "Gamma":0.95 "Epsilon":0.05 "Ucb_c":5 "Rollout_capture":0 "Termination_func_param":0 "POMCP_name":"DPC_GREEDY_VS_BASELINE" "Prior_hybrid":null "Selection_hybrid":null "Rollout_selection":null "Early_playout_termination":null "Opponent_modelling":false "OM_Threshold":0}, [{1 6 false} {21 16 false} {2 7 false} {16 11 false} {7 11 true} {22 17 false} {11 17 true} {23 17 true} {3 8 false} {20 15 false} {0 5 false} {15 10 false} {6 10 true} {17 12 false} {8 12 true} {24 19 false} {4 9 false} {19 14 false} {10 15 false}], [0 81871 0 88007 0 95137 0 115012 0 140717 0 157902 0 332169 0 572075 0 890067 0], [0 5 0 12 0 8 0 8 0 15 0 14 0 8 0 4 0 10 0] 
greedy, DPC_GREEDY_VS_BASELINE, 1, {"Termination_parameter":0 "Gamma":0 "Epsilon":0 "Ucb_c":0 "Rollout_capture":0 "Termination_func_param":0 "POMCP_name":"" "Prior_hybrid":null "Selection_hybrid":null "Rollout_selection":null "Early_playout_termination":null "Opponent_modelling":false "OM_Threshold":0}, {"Termination_parameter":1000 "Gamma":0.95 "Epsilon":0.05 "Ucb_c":5 "Rollout_capture":0 "Termination_func_param":0 "POMCP_name":"DPC_GREEDY_VS_BASELINE" "Prior_hybrid":null "Selection_hybrid":null "Rollout_selection":null "Early_playout_termination":null "Opponent_modelling":false "OM_Threshold":0}, [{2 7 false} {21 16 false} {1 6 false} {16 11 false} {7 11 true} {22 17 false} {11 17 true} {23 17 true} {3 8 false} {20 15 false} {0 5 false} {15 10 false} {6 10 true} {17 12 false} {8 12 true} {24 19 false} {12 17 false} {19 14 false} {4 9 false}], [0 81052 0 87208 0 95758 0 114497 0 139161 0 159835 0 328052 0 585027 0 888699 0], [0 5 0 12 0 8 0 8 0 15 0 14 0 8 0 4 0 10 0] 
greedy, DPC_GREEDY_VS_BASELINE, 1, {"Termination_parameter":0 "Gamma":0 "Epsilon":0 "Ucb_c":0 "Rollout_capture":0 "Termination_func_param":0 "POMCP_name":"" "Prior_hybrid":null "Selection_hybrid":null "Rollout_selection":null "Early_playout_termination":null "Opponent_modelling":false "OM_Threshold":0}, {"Termination_parameter":1000 "Gamma":0.95 "Epsilon":0.05 "Ucb_c":5 "Rollout_capture":0 "Termination_func_param":0 "POMCP_name":"DPC_GREEDY_VS_BASELINE" "Prior_hybrid":null "Selection_hybrid":null "Rollout_selection":null "Early_playout_termination":null "Opponent_modelling":false "OM_Threshold":0}, [{2 7 false} {23 18 false} {3 8 false} {18 13 false} {7 13 true} {22 17 false} {13 17 true} {21 17 true} {1 6 false} {24 19 false} {0 5 false} {19 14 false} {8 14 true} {17 12 false} {6 12 true} {20 15 false} {5 10 false}], [0 79532 0 89314 0 94771 0 109141 0 133891 0 156424 0 321578 0 579037 0], [0 5 0 12 0 8 0 8 0 15 0 14 0 8 0 4 0] 
greedy, DPC_GREEDY_VS_BASELINE, 1, {"Termination_parameter":0 "Gamma":0 "Epsilon":0 "Ucb_c":0 "Rollout_capture":0 "Termination_func_param":0 "POMCP_name":"" "Prior_hybrid":null "Selection_hybrid":null "Rollout_selection":null "Early_playout_termination":null "Opponent_modelling":false "OM_Threshold":0}, {"Termination_parameter":1000 "Gamma":0.95 "Epsilon":0.05 "Ucb_c":5 "Rollout_capture":0 "Termination_func_param":0 "POMCP_name":"DPC_GREEDY_VS_BASELINE" "Prior_hybrid":null "Selection_hybrid":null "Rollout_selection":null "Early_playout_termination":null "Opponent_modelling":false "OM_Threshold":0}, [{2 7 false} {22 17 false} {3 8 false} {23 18 false} {1 6 false} {18 13 false} {7 13 true} {17 13 true} {0 5 false} {24 19 false} {6 11 false} {19 14 false} {8 14 true} {13 8 false} {4 8 true} {21 16 false} {8 13 false} {20 15 false} {11 15 true} {16 11 false} {5 11 true}], [0 81648 0 87767 0 82720 0 89926 0 133033 0 148766 0 337058 0 320911 0 430712 0 704542 0], [0 5 0 12 0 14 0 14 0 8 0 6 0 6 0 2 0 2 0 2 0] 
greedy, DPC_GREEDY_VS_BASELINE, 1, {"Termination_parameter":0 "Gamma":0 "Epsilon":0 "Ucb_c":0 "Rollout_capture":0 "Termination_func_param":0 "POMCP_name":"" "Prior_hybrid":null "Selection_hybrid":null "Rollout_selection":null "Early_playout_termination":null "Opponent_modelling":false "OM_Threshold":0}, {"Termination_parameter":1000 "Gamma":0.95 "Epsilon":0.05 "Ucb_c":5 "Rollout_capture":0 "Termination_func_param":0 "POMCP_name":"DPC_GREEDY_VS_BASELINE" "Prior_hybrid":null "Selection_hybrid":null "Rollout_selection":null "Early_playout_termination":null "Opponent_modelling":false "OM_Threshold":0}, [{3 8 false} {21 16 false} {2 7 false} {16 11 false} {7 11 true} {22 17 false} {11 17 true} {23 17 true} {1 6 false} {20 15 false} {0 5 false} {15 10 false} {6 10 true} {17 12 false} {8 12 true} {24 19 false} {4 9 false} {19 14 false} {10 15 false}], [0 82414 0 87718 0 95649 0 102893 0 136790 0 155176 0 327212 0 583550 0 890248 0], [0 5 0 12 0 8 0 8 0 15 0 14 0 8 0 4 0 10 0] 
greedy, DPC_GREEDY_VS_BASELINE, 1, {"Termination_parameter":0 "Gamma":0 "Epsilon":0 "Ucb_c":0 "Rollout_capture":0 "Termination_func_param":0 "POMCP_name":"" "Prior_hybrid":null "Selection_hybrid":null "Rollout_selection":null "Early_playout_termination":null "Opponent_modelling":false "OM_Threshold":0}, {"Termination_parameter":1000 "Gamma":0.95 "Epsilon":0.05 "Ucb_c":5 "Rollout_capture":0 "Termination_func_param":0 "POMCP_name":"DPC_GREEDY_VS_BASELINE" "Prior_hybrid":null "Selection_hybrid":null "Rollout_selection":null "Early_playout_termination":null "Opponent_modelling":false "OM_Threshold":0}, [{1 6 false} {22 17 false} {2 7 false} {17 12 false} {6 12 true} {23 18 false} {12 18 true} {24 18 true} {3 8 false} {21 16 false} {0 5 false} {16 11 false} {5 11 true} {18 13 false} {7 13 true} {20 15 false} {11 15 true}], [0 80018 0 89105 0 93810 0 111108 0 135335 0 142241 0 233410 0 424002 0], [0 5 0 12 0 8 0 8 0 15 0 8 0 12 0 12 0] 
greedy, DPC_GREEDY_VS_BASELINE, 1, {"Termination_parameter":0 "Gamma":0 "Epsilon":0 "Ucb_c":0 "Rollout_capture":0 "Termination_func_param":0 "POMCP_name":"" "Prior_hybrid":null "Selection_hybrid":null "Rollout_selection":null "Early_playout_termination":null "Opponent_modelling":false "OM_Threshold":0}, {"Termination_parameter":1000 "Gamma":0.95 "Epsilon":0.05 "Ucb_c":5 "Rollout_capture":0 "Termination_func_param":0 "POMCP_name":"DPC_GREEDY_VS_BASELINE" "Prior_hybrid":null "Selection_hybrid":null "Rollout_selection":null "Early_playout_termination":null "Opponent_modelling":false "OM_Threshold":0}, [{2 7 false} {23 18 false} {3 8 false} {18 13 false} {7 13 true} {22 17 false} {13 17 true} {21 17 true} {1 6 false} {24 19 false} {0 5 false} {19 14 false} {8 14 true} {17 12 false} {6 12 true} {20 15 false} {5 10 false}], [0 82625 0 88310 0 93257 0 109665 0 136463 0 157580 0 325958 0 573349 0], [0 5 0 12 0 8 0 8 0 15 0 14 0 8 0 4 0] 
greedy, DPC_GREEDY_VS_BASELINE, 1, {"Termination_parameter":0 "Gamma":0 "Epsilon":0 "Ucb_c":0 "Rollout_capture":0 "Termination_func_param":0 "POMCP_name":"" "Prior_hybrid":null "Selection_hybrid":null "Rollout_selection":null "Early_playout_termination":null "Opponent_modelling":false "OM_Threshold":0}, {"Termination_parameter":1000 "Gamma":0.95 "Epsilon":0.05 "Ucb_c":5 "Rollout_capture":0 "Termination_func_param":0 "POMCP_name":"DPC_GREEDY_VS_BASELINE" "Prior_hybrid":null "Selection_hybrid":null "Rollout_selection":null "Early_playout_termination":null "Opponent_modelling":false "OM_Threshold":0}, [{2 7 false} {21 16 false} {3 8 false} {16 11 false} {7 11 true} {22 17 false} {11 17 true} {23 17 true} {1 6 false} {20 15 false} {0 5 false} {15 10 false} {6 10 true} {17 12 false} {8 12 true} {24 19 false} {12 17 false} {19 14 false} {4 9 false}], [0 77273 0 87211 0 96867 0 113702 0 139210 0 158918 0 325928 0 565615 0 891547 0], [0 5 0 12 0 8 0 8 0 15 0 14 0 8 0 4 0 10 0] 
greedy, DPC_GREEDY_VS_BASELINE, -1, {"Termination_parameter":0 "Gamma":0 "Epsilon":0 "Ucb_c":0 "Rollout_capture":0 "Termination_func_param":0 "POMCP_name":"" "Prior_hybrid":null "Selection_hybrid":null "Rollout_selection":null "Early_playout_termination":null "Opponent_modelling":false "OM_Threshold":0}, {"Termination_parameter":1000 "Gamma":0.95 "Epsilon":0.05 "Ucb_c":5 "Rollout_capture":0 "Termination_func_param":0 "POMCP_name":"DPC_GREEDY_VS_BASELINE" "Prior_hybrid":null "Selection_hybrid":null "Rollout_selection":null "Early_playout_termination":null "Opponent_modelling":false "OM_Threshold":0}, [{3 8 false} {23 18 false} {1 6 false} {18 13 false} {2 7 false} {13 7 true} {0 5 false} {7 2 false}], [0 81186 0 86980 0 244824 0 703336], [0 5 0 12 0 2 0 4] 
greedy, DPC_GREEDY_VS_BASELINE, -1, {"Termination_parameter":0 "Gamma":0 "Epsilon":0 "Ucb_c":0 "Rollout_capture":0 "Termination_func_param":0 "POMCP_name":"" "Prior_hybrid":null "Selection_hybrid":null "Rollout_selection":null "Early_playout_termination":null "Opponent_modelling":false "OM_Threshold":0}, {"Termination_parameter":1000 "Gamma":0.95 "Epsilon":0.05 "Ucb_c":5 "Rollout_capture":0 "Termination_func_param":0 "POMCP_name":"DPC_GREEDY_VS_BASELINE" "Prior_hybrid":null "Selection_hybrid":null "Rollout_selection":null "Early_playout_termination":null "Opponent_modelling":false "OM_Threshold":0}, [{3 8 false} {23 18 false} {1 6 false} {18 13 false} {2 7 false} {13 7 true} {0 5 false} {7 2 false}], [0 80801 0 89119 0 250472 0 697949], [0 5 0 12 0 2 0 4] 
greedy, DPC_GREEDY_VS_BASELINE, -1, {"Termination_parameter":0 "Gamma":0 "Epsilon":0 "Ucb_c":0 "Rollout_capture":0 "Termination_func_param":0 "POMCP_name":"" "Prior_hybrid":null "Selection_hybrid":null "Rollout_selection":null "Early_playout_termination":null "Opponent_modelling":false "OM_Threshold":0}, {"Termination_parameter":1000 "Gamma":0.95 "Epsilon":0.05 "Ucb_c":5 "Rollout_capture":0 "Termination_func_param":0 "POMCP_name":"DPC_GREEDY_VS_BASELINE" "Prior_hybrid":null "Selection_hybrid":null "Rollout_selection":null "Early_playout_termination":null "Opponent_modelling":false "OM_Threshold":0}, [{3 8 false} {22 17 false} {1 6 false} {21 16 false} {2 7 false} {16 11 false} {7 11 true} {17 11 true} {0 5 false} {11 5 true} {8 13 false} {5 0 false}], [0 80938 0 84002 0 82209 0 89936 0 401494 0 745561], [0 5 0 12 0 14 0 14 0 2 0 5] 
greedy, DPC_GREEDY_VS_BASELINE, 1, {"Termination_parameter":0 "Gamma":0 "Epsilon":0 "Ucb_c":0 "Rollout_capture":0 "Termination_func_param":0 "POMCP_name":"" "Prior_hybrid":null "Selection_hybrid":null "Rollout_selection":null "Early_playout_termination":null "Opponent_modelling":false "OM_Threshold":0}, {"Termination_parameter":1000 "Gamma":0.95 "Epsilon":0.05 "Ucb_c":5 "Rollout_capture":0 "Termination_func_param":0 "POMCP_name":"DPC_GREEDY_VS_BASELINE" "Prior_hybrid":null "Selection_hybrid":null "Rollout_selection":null "Early_playout_termination":null "Opponent_modelling":false "OM_Threshold":0}, [{1 6 false} {21 16 false} {2 7 false} {16 11 false} {7 11 true} {22 17 false} {11 17 true} {23 17 true} {3 8 false} {20 15 false} {0 5 false} {15 10 false} {6 10 true} {17 12 false} {8 12 true} {24 19 false} {10 15 false} {19 14 false} {4 9 false}], [0 79371 0 80676 0 91306 0 108048 0 132419 0 146494 0 317371 0 576948 0 882339 0], [0 5 0 12 0 8 0 8 0 15 0 14 0 8 0 4 0 10 0] 
greedy, DPC_GREEDY_VS_BASELINE, 1, {"Termination_parameter":0 "Gamma":0 "Epsilon":0 "Ucb_c":0 "Rollout_capture":0 "Termination_func_param":0 "POMCP_name":"" "Prior_hybrid":null "Selection_hybrid":null "Rollout_selection":null "Early_playout_termination":null "Opponent_modelling":false "OM_Threshold":0}, {"Termination_parameter":1000 "Gamma":0.95 "Epsilon":0.05 "Ucb_c":5 "Rollout_capture":0 "Termination_func_param":0 "POMCP_name":"DPC_GREEDY_VS_BASELINE" "Prior_hybrid":null "Selection_hybrid":null "Rollout_selection":null "Early_playout_termination":null "Opponent_modelling":false "OM_Threshold":0}, [{3 8 false} {22 17 false} {1 6 false} {21 16 false} {2 7 false} {23 18 false} {0 5 false} {20 15 false} {7 12 false} {24 19 false} {12 18 true} {17 12 false} {18 23 false}], [0 77889 0 85608 0 79535 0 72642 0 97754 0 182505 0], [0 5 0 12 0 14 0 5 0 4 0 4 0] 
greedy, DPC_GREEDY_VS_BASELINE, 1, {"Termination_parameter":0 "Gamma":0 "Epsilon":0 "Ucb_c":0 "Rollout_capture":0 "Termination_func_param":0 "POMCP_name":"" "Prior_hybrid":null "Selection_hybrid":null "Rollout_selection":null "Early_playout_termination":null "Opponent_modelling":false "OM_Threshold":0}, {"Termination_parameter":1000 "Gamma":0.95 "Epsilon":0.05 "Ucb_c":5 "Rollout_capture":0 "Termination_func_param":0 "POMCP_name":"DPC_GREEDY_VS_BASELINE" "Prior_hybrid":null "Selection_hybrid":null "Rollout_selection":null "Early_playout_termination":null "Opponent_modelling":false "OM_Threshold":0}, [{3 8 false} {23 18 false} {2 7 false} {18 13 false} {7 13 true} {22 17 false} {13 17 true} {21 17 true} {1 6 false} {24 19 false} {0 5 false} {19 14 false} {8 14 true} {17 12 false} {6 12 true} {20 15 false} {5 10 false}], [0 78332 0 81068 0 90627 0 100103 0 128536 0 145085 0 313365 0 554063 0], [0 5 0 12 0 8 0 8 0 15 0 14 0 8 0 4 0] 
greedy, DPC_GREEDY_VS_BASELINE, 0, {"Termination_parameter":0 "Gamma":0 "Epsilon":0 "Ucb_c":0 "Rollout_capture":0 "Termination_func_param":0 "POMCP_name":"" "Prior_hybrid":null "Selection_hybrid":null "Rollout_selection":null "Early_playout_termination":null "Opponent_modelling":false "OM_Threshold":0}, {"Termination_parameter":1000 "Gamma":0.95 "Epsilon":0.05 "Ucb_c":5 "Rollout_capture":0 "Termination_func_param":0 "POMCP_name":"DPC_GREEDY_VS_BASELINE" "Prior_hybrid":null "Selection_hybrid":null "Rollout_selection":null "Early_playout_termination":null "Opponent_modelling":false "OM_Threshold":0}, [{1 6 false} {22 17 false} {2 7 false} {23 18 false} {3 8 false} {18 13 false} {7 13 true} {17 13 true} {0 5 false} {21 16 false} {4 9 false} {24 19 false} {9 13 true} {16 11 false} {5 11 true} {19 13 true} {11 16 false} {20 16 true} {6 11 false}], [0 78376 0 87582 0 83794 0 94105 0 133403 0 181340 0 274313 0 388593 0 986139 0], [0 5 0 12 0 14 0 14 0 8 0 1 0 1 0 1 0 1 0] 
greedy, DPC_GREEDY_VS_BASELINE, 1, {"Termination_parameter":0 "Gamma":0 "Epsilon":0 "Ucb_c":0 "Rollout_capture":0 "Termination_func_param":0 "POMCP_name":"" "Prior_hybrid":null "Selection_hybrid":null "Rollout_selection":null "Early_playout_termination":null "Opponent_modelling":false "OM_Threshold":0}, {"Termination_parameter":1000 "Gamma":0.95 "Epsilon":0.05 "Ucb_c":5 "Rollout_capture":0 "Termination_func_param":0 "POMCP_name":"DPC_GREEDY_VS_BASELINE" "Prior_hybrid":null "Selection_hybrid":null "Rollout_selection":null "Early_playout_termination":null "Opponent_modelling":false "OM_Threshold":0}, [{1 6 false} {21 16 false} {2 7 false} {16 11 false} {7 11 true} {22 17 false} {11 17 true} {23 17 true} {3 8 false} {20 15 false} {0 5 false} {15 10 false} {6 10 true} {17 12 false} {8 12 true} {24 19 false} {12 17 false} {19 14 false} {4 9 false}], [0 77113 0 81898 0 89762 0 107700 0 132935 0 151420 0 323347 0 574787 0 875741 0], [0 5 0 12 0 8 0 8 0 15 0 14 0 8 0 4 0 10 0] 
greedy, DPC_GREEDY_VS_BASELINE, 1, {"Termination_parameter":0 "Gamma":0 "Epsilon":0 "Ucb_c":0 "Rollout_capture":0 "Termination_func_param":0 "POMCP_name":"" "Prior_hybrid":null "Selection_hybrid":null "Rollout_selection":null "Early_playout_termination":null "Opponent_modelling":false "OM_Threshold":0}, {"Termination_parameter":1000 "Gamma":0.95 "Epsilon":0.05 "Ucb_c":5 "Rollout_capture":0 "Termination_func_param":0 "POMCP_name":"DPC_GREEDY_VS_BASELINE" "Prior_hybrid":null "Selection_hybrid":null "Rollout_selection":null "Early_playout_termination":null "Opponent_modelling":false "OM_Threshold":0}, [{3 8 false} {23 18 false} {2 7 false} {18 13 false} {7 13 true} {22 17 false} {13 17 true} {21 17 true} {1 6 false} {24 19 false} {0 5 false} {19 14 false} {8 14 true} {17 12 false} {6 12 true} {20 15 false} {5 10 false}], [0 79449 0 85946 0 94443 0 111279 0 136604 0 155757 0 311856 0 538810 0], [0 5 0 12 0 8 0 8 0 15 0 14 0 8 0 4 0] 
greedy, DPC_GREEDY_VS_BASELINE, -1, {"Termination_parameter":0 "Gamma":0 "Epsilon":0 "Ucb_c":0 "Rollout_capture":0 "Termination_func_param":0 "POMCP_name":"" "Prior_hybrid":null "Selection_hybrid":null "Rollout_selection":null "Early_playout_termination":null "Opponent_modelling":false "OM_Threshold":0}, {"Termination_parameter":1000 "Gamma":0.95 "Epsilon":0.05 "Ucb_c":5 "Rollout_capture":0 "Termination_func_param":0 "POMCP_name":"DPC_GREEDY_VS_BASELINE" "Prior_hybrid":null "Selection_hybrid":null "Rollout_selection":null "Early_playout_termination":null "Opponent_modelling":false "OM_Threshold":0}, [{3 8 false} {21 16 false} {1 6 false} {16 11 false} {2 7 false} {11 7 true} {0 5 false} {7 2 false}], [0 78456 0 86609 0 241043 0 682599], [0 5 0 12 0 2 0 4] 
greedy, DPC_GREEDY_VS_BASELINE, 1, {"Termination_parameter":0 "Gamma":0 "Epsilon":0 "Ucb_c":0 "Rollout_capture":0 "Termination_func_param":0 "POMCP_name":"" "Prior_hybrid":null "Selection_hybrid":null "Rollout_selection":null "Early_playout_termination":null "Opponent_modelling":false "OM_Threshold":0}, {"Termination_parameter":1000 "Gamma":0.95 "Epsilon":0.05 "Ucb_c":5 "Rollout_capture":0 "Termination_func_param":0 "POMCP_name":"DPC_GREEDY_VS_BASELINE" "Prior_hybrid":null "Selection_hybrid":null "Rollout_selection":null "Early_playout_termination":null "Opponent_modelling":false "OM_Threshold":0}, [{2 7 false} {21 16 false} {1 6 false} {16 11 false} {7 11 true} {22 17 false} {11 17 true} {23 17 true} {3 8 false} {20 15 false} {0 5 false} {15 10 false} {6 10 true} {17 12 false} {8 12 true} {24 19 false} {4 9 false} {19 14 false} {10 15 false}], [0 78603 0 85656 0 94070 0 112372 0 136178 0 153602 0 319580 0 573299 0 868666 0], [0 5 0 12 0 8 0 8 0 15 0 14 0 8 0 4 0 10 0] 
greedy, DPC_GREEDY_VS_BASELINE, -1, {"Termination_parameter":0 "Gamma":0 "Epsilon":0 "Ucb_c":0 "Rollout_capture":0 "Termination_func_param":0 "POMCP_name":"" "Prior_hybrid":null "Selection_hybrid":null "Rollout_selection":null "Early_playout_termination":null "Opponent_modelling":false "OM_Threshold":0}, {"Termination_parameter":1000 "Gamma":0.95 "Epsilon":0.05 "Ucb_c":5 "Rollout_capture":0 "Termination_func_param":0 "POMCP_name":"DPC_GREEDY_VS_BASELINE" "Prior_hybrid":null "Selection_hybrid":null "Rollout_selection":null "Early_playout_termination":null "Opponent_modelling":false "OM_Threshold":0}, [{1 6 false} {23 18 false} {3 8 false} {18 13 false} {2 7 false} {13 7 true} {0 5 false} {7 2 false}], [0 78359 0 84852 0 244745 0 687571], [0 5 0 12 0 2 0 4] 
greedy, DPC_GREEDY_VS_BASELINE, 1, {"Termination_parameter":0 "Gamma":0 "Epsilon":0 "Ucb_c":0 "Rollout_capture":0 "Termination_func_param":0 "POMCP_name":"" "Prior_hybrid":null "Selection_hybrid":null "Rollout_selection":null "Early_playout_termination":null "Opponent_modelling":false "OM_Threshold":0}, {"Termination_parameter":1000 "Gamma":0.95 "Epsilon":0.05 "Ucb_c":5 "Rollout_capture":0 "Termination_func_param":0 "POMCP_name":"DPC_GREEDY_VS_BASELINE" "Prior_hybrid":null "Selection_hybrid":null "Rollout_selection":null "Early_playout_termination":null "Opponent_modelling":false "OM_Threshold":0}, [{3 8 false} {23 18 false} {2 7 false} {18 13 false} {7 13 true} {22 17 false} {13 17 true} {21 17 true} {1 6 false} {24 19 false} {0 5 false} {19 14 false} {8 14 true} {17 12 false} {6 12 true} {20 15 false} {5 10 false}], [0 79419 0 85335 0 93264 0 110308 0 138525 0 154378 0 319281 0 567458 0], [0 5 0 12 0 8 0 8 0 15 0 14 0 8 0 4 0] 
greedy, DPC_GREEDY_VS_BASELINE, 1, {"Termination_parameter":0 "Gamma":0 "Epsilon":0 "Ucb_c":0 "Rollout_capture":0 "Termination_func_param":0 "POMCP_name":"" "Prior_hybrid":null "Selection_hybrid":null "Rollout_selection":null "Early_playout_termination":null "Opponent_modelling":false "OM_Threshold":0}, {"Termination_parameter":1000 "Gamma":0.95 "Epsilon":0.05 "Ucb_c":5 "Rollout_capture":0 "Termination_func_param":0 "POMCP_name":"DPC_GREEDY_VS_BASELINE" "Prior_hybrid":null "Selection_hybrid":null "Rollout_selection":null "Early_playout_termination":null "Opponent_modelling":false "OM_Threshold":0}, [{3 8 false} {21 16 false} {2 7 false} {16 11 false} {7 11 true} {22 17 false} {11 17 true} {23 17 true} {1 6 false} {20 15 false} {0 5 false} {15 10 false} {6 10 true} {17 12 false} {8 12 true} {24 19 false} {12 17 false} {19 14 false} {4 9 false}], [0 79094 0 84870 0 93574 0 110495 0 135312 0 152756 0 315675 0 567010 0 860136 0], [0 5 0 12 0 8 0 8 0 15 0 14 0 8 0 4 0 10 0] 
greedy, DPC_GREEDY_VS_BASELINE, 1, {"Termination_parameter":0 "Gamma":0 "Epsilon":0 "Ucb_c":0 "Rollout_capture":0 "Termination_func_param":0 "POMCP_name":"" "Prior_hybrid":null "Selection_hybrid":null "Rollout_selection":null "Early_playout_termination":null "Opponent_modelling":false "OM_Threshold":0}, {"Termination_parameter":1000 "Gamma":0.95 "Epsilon":0.05 "Ucb_c":5 "Rollout_capture":0 "Termination_func_param":0 "POMCP_name":"DPC_GREEDY_VS_BASELINE" "Prior_hybrid":null "Selection_hybrid":null "Rollout_selection":null "Early_playout_termination":null "Opponent_modelling":false "OM_Threshold":0}, [{3 8 false} {21 16 false} {2 7 false} {16 11 false} {7 11 true} {22 17 false} {11 17 true} {23 17 true} {1 6 false} {20 15 false} {0 5 false} {15 10 false} {6 10 true} {17 12 false} {8 12 true} {24 19 false} {10 15 false} {19 14 false} {4 9 false}], [0 80158 0 84852 0 94885 0 109403 0 136215 0 149225 0 318510 0 567030 0 883950 0], [0 5 0 12 0 8 0 8 0 15 0 14 0 8 0 4 0 10 0] 
greedy, DPC_GREEDY_VS_BASELINE, 1, {"Termination_parameter":0 "Gamma":0 "Epsilon":0 "Ucb_c":0 "Rollout_capture":0 "Termination_func_param":0 "POMCP_name":"" "Prior_hybrid":null "Selection_hybrid":null "Rollout_selection":null "Early_playout_termination":null "Opponent_modelling":false "OM_Threshold":0}, {"Termination_parameter":1000 "Gamma":0.95 "Epsilon":0.05 "Ucb_c":5 "Rollout_capture":0 "Termination_func_param":0 "POMCP_name":"DPC_GREEDY_VS_BASELINE" "Prior_hybrid":null "Selection_hybrid":null "Rollout_selection":null "Early_playout_termination":null "Opponent_modelling":false "OM_Threshold":0}, [{2 7 false} {22 17 false} {1 6 false} {23 18 false} {3 8 false} {18 13 false} {7 13 true} {17 13 true} {0 5 false} {24 19 false} {6 11 false} {19 14 false} {8 14 true} {13 8 false} {4 8 true} {20 15 false} {11 15 true} {21 16 false} {15 20 false}], [0 78180 0 86572 0 83256 0 90755 0 133411 0 148242 0 323146 0 310078 0 485260 0], [0 5 0 12 0 14 0 14 0 8 0 6 0 6 0 2 0 1 0] 
greedy, DPC_GREEDY_VS_BASELINE, -1, {"Termination_parameter":0 "Gamma":0 "Epsilon":0 "Ucb_c":0 "Rollout_capture":0 "Termination_func_param":0 "POMCP_name":"" "Prior_hybrid":null "Selection_hybrid":null "Rollout_selection":null "Early_playout_termination":null "Opponent_modelling":false "OM_Threshold":0}, {"Termination_parameter":1000 "Gamma":0.95 "Epsilon":0.05 "Ucb_c":5 "Rollout_capture":0 "Termination_func_param":0 "POMCP_name":"DPC_GREEDY_VS_BASELINE" "Prior_hybrid":null "Selection_hybrid":null "Rollout_selection":null "Early_playout_termination":null "Opponent_modelling":false "OM_Threshold":0}, [{1 6 false} {22 17 false} {3 8 false} {21 16 false} {2 7 false} {16 11 false} {7 11 true} {17 11 true} {0 5 false} {11 5 true} {6 11 false} {5 0 false}], [0 78385 0 85715 0 83354 0 91440 0 383561 0 818734], [0 5 0 12 0 14 0 14 0 2 0 5] 
greedy, DPC_GREEDY_VS_BASELINE, -1, {"Termination_parameter":0 "Gamma":0 "Epsilon":0 "Ucb_c":0 "Rollout_capture":0 "Termination_func_param":0 "POMCP_name":"" "Prior_hybrid":null "Selection_hybrid":null "Rollout_selection":null "Early_playout_termination":null "Opponent_modelling":false "OM_Threshold":0}, {"Termination_parameter":1000 "Gamma":0.95 "Epsilon":0.05 "Ucb_c":5 "Rollout_capture":0 "Termination_func_param":0 "POMCP_name":"DPC_GREEDY_VS_BASELINE" "Prior_hybrid":null "Selection_hybrid":null "Rollout_selection":null "Early_playout_termination":null "Opponent_modelling":false "OM_Threshold":0}, [{3 8 false} {23 18 false} {1 6 false} {18 13 false} {2 7 false} {13 7 true} {0 5 false} {7 2 false}], [0 78620 0 88114 0 239707 0 682387], [0 5 0 12 0 2 0 4] 
greedy, DPC_GREEDY_VS_BASELINE, -1, {"Termination_parameter":0 "Gamma":0 "Epsilon":0 "Ucb_c":0 "Rollout_capture":0 "Termination_func_param":0 "POMCP_name":"" "Prior_hybrid":null "Selection_hybrid":null "Rollout_selection":null "Early_playout_termination":null "Opponent_modelling":false "OM_Threshold":0}, {"Termination_parameter":1000 "Gamma":0.95 "Epsilon":0.05 "Ucb_c":5 "Rollout_capture":0 "Termination_func_param":0 "POMCP_name":"DPC_GREEDY_VS_BASELINE" "Prior_hybrid":null "Selection_hybrid":null "Rollout_selection":null "Early_playout_termination":null "Opponent_modelling":false "OM_Threshold":0}, [{1 6 false} {23 18 false} {3 8 false} {18 13 false} {2 7 false} {13 7 true} {0 5 false} {7 2 false}], [0 78655 0 85788 0 240869 0 676294], [0 5 0 12 0 2 0 4] 
greedy, DPC_GREEDY_VS_BASELINE, 1, {"Termination_parameter":0 "Gamma":0 "Epsilon":0 "Ucb_c":0 "Rollout_capture":0 "Termination_func_param":0 "POMCP_name":"" "Prior_hybrid":null "Selection_hybrid":null "Rollout_selection":null "Early_playout_termination":null "Opponent_modelling":false "OM_Threshold":0}, {"Termination_parameter":1000 "Gamma":0.95 "Epsilon":0.05 "Ucb_c":5 "Rollout_capture":0 "Termination_func_param":0 "POMCP_name":"DPC_GREEDY_VS_BASELINE" "Prior_hybrid":null "Selection_hybrid":null "Rollout_selection":null "Early_playout_termination":null "Opponent_modelling":false "OM_Threshold":0}, [{2 7 false} {23 18 false} {3 8 false} {18 13 false} {7 13 true} {22 17 false} {13 17 true} {21 17 true} {1 6 false} {24 19 false} {0 5 false} {19 14 false} {8 14 true} {17 12 false} {6 12 true} {20 15 false} {5 10 false}], [0 79389 0 85326 0 93301 0 110059 0 138357 0 155025 0 318539 0 557944 0], [0 5 0 12 0 8 0 8 0 15 0 14 0 8 0 4 0] 
greedy, DPC_GREEDY_VS_BASELINE, 1, {"Termination_parameter":0 "Gamma":0 "Epsilon":0 "Ucb_c":0 "Rollout_capture":0 "Termination_func_param":0 "POMCP_name":"" "Prior_hybrid":null "Selection_hybrid":null "Rollout_selection":null "Early_playout_termination":null "Opponent_modelling":false "OM_Threshold":0}, {"Termination_parameter":1000 "Gamma":0.95 "Epsilon":0.05 "Ucb_c":5 "Rollout_capture":0 "Termination_func_param":0 "POMCP_name":"DPC_GREEDY_VS_BASELINE" "Prior_hybrid":null "Selection_hybrid":null "Rollout_selection":null "Early_playout_termination":null "Opponent_modelling":false "OM_Threshold":0}, [{3 8 false} {23 18 false} {2 7 false} {18 13 false} {7 13 true} {22 17 false} {13 17 true} {21 17 true} {1 6 false} {24 19 false} {0 5 false} {19 14 false} {8 14 true} {17 12 false} {6 12 true} {20 15 false} {5 10 false}], [0 79423 0 86437 0 93434 0 108789 0 137046 0 155021 0 316380 0 550442 0], [0 5 0 12 0 8 0 8 0 15 0 14 0 8 0 4 0] 
greedy, DPC_GREEDY_VS_BASELINE, -1, {"Termination_parameter":0 "Gamma":0 "Epsilon":0 "Ucb_c":0 "Rollout_capture":0 "Termination_func_param":0 "POMCP_name":"" "Prior_hybrid":null "Selection_hybrid":null "Rollout_selection":null "Early_playout_termination":null "Opponent_modelling":false "OM_Threshold":0}, {"Termination_parameter":1000 "Gamma":0.95 "Epsilon":0.05 "Ucb_c":5 "Rollout_capture":0 "Termination_func_param":0 "POMCP_name":"DPC_GREEDY_VS_BASELINE" "Prior_hybrid":null "Selection_hybrid":null "Rollout_selection":null "Early_playout_termination":null "Opponent_modelling":false "OM_Threshold":0}, [{3 8 false} {23 18 false} {1 6 false} {18 13 false} {2 7 false} {13 7 true} {0 5 false} {7 2 false}], [0 75905 0 83396 0 236780 0 640937], [0 5 0 12 0 2 0 4] 
greedy, DPC_GREEDY_VS_BASELINE, 1, {"Termination_parameter":0 "Gamma":0 "Epsilon":0 "Ucb_c":0 "Rollout_capture":0 "Termination_func_param":0 "POMCP_name":"" "Prior_hybrid":null "Selection_hybrid":null "Rollout_selection":null "Early_playout_termination":null "Opponent_modelling":false "OM_Threshold":0}, {"Termination_parameter":1000 "Gamma":0.95 "Epsilon":0.05 "Ucb_c":5 "Rollout_capture":0 "Termination_func_param":0 "POMCP_name":"DPC_GREEDY_VS_BASELINE" "Prior_hybrid":null "Selection_hybrid":null "Rollout_selection":null "Early_playout_termination":null "Opponent_modelling":false "OM_Threshold":0}, [{3 8 false} {22 17 false} {1 6 false} {17 12 false} {8 12 true} {21 16 false} {12 16 true} {20 16 true} {2 7 false} {23 18 false} {0 5 false} {16 11 false} {5 11 true} {18 13 false} {7 13 true} {24 19 false} {13 19 true}], [0 76570 0 82939 0 90545 0 101572 0 128843 0 136131 0 277587 0 404547 0], [0 5 0 12 0 8 0 8 0 15 0 8 0 12 0 12 0] 
greedy, DPC_GREEDY_VS_BASELINE, 1, {"Termination_parameter":0 "Gamma":0 "Epsilon":0 "Ucb_c":0 "Rollout_capture":0 "Termination_func_param":0 "POMCP_name":"" "Prior_hybrid":null "Selection_hybrid":null "Rollout_selection":null "Early_playout_termination":null "Opponent_modelling":false "OM_Threshold":0}, {"Termination_parameter":1000 "Gamma":0.95 "Epsilon":0.05 "Ucb_c":5 "Rollout_capture":0 "Termination_func_param":0 "POMCP_name":"DPC_GREEDY_VS_BASELINE" "Prior_hybrid":null "Selection_hybrid":null "Rollout_selection":null "Early_playout_termination":null "Opponent_modelling":false "OM_Threshold":0}, [{1 6 false} {23 18 false} {2 7 false} {18 13 false} {7 13 true} {22 17 false} {13 17 true} {21 17 true} {3 8 false} {24 19 false} {0 5 false} {19 14 false} {8 14 true} {17 12 false} {6 12 true} {20 15 false} {5 10 false}], [0 78011 0 85786 0 90638 0 101237 0 135532 0 150989 0 310336 0 546138 0], [0 5 0 12 0 8 0 8 0 15 0 14 0 8 0 4 0] 
greedy, DPC_GREEDY_VS_BASELINE, 1, {"Termination_parameter":0 "Gamma":0 "Epsilon":0 "Ucb_c":0 "Rollout_capture":0 "Termination_func_param":0 "POMCP_name":"" "Prior_hybrid":null "Selection_hybrid":null "Rollout_selection":null "Early_playout_termination":null "Opponent_modelling":false "OM_Threshold":0}, {"Termination_parameter":1000 "Gamma":0.95 "Epsilon":0.05 "Ucb_c":5 "Rollout_capture":0 "Termination_func_param":0 "POMCP_name":"DPC_GREEDY_VS_BASELINE" "Prior_hybrid":null "Selection_hybrid":null "Rollout_selection":null "Early_playout_termination":null "Opponent_modelling":false "OM_Threshold":0}, [{3 8 false} {22 17 false} {1 6 false} {17 12 false} {8 12 true} {23 18 false} {12 18 true} {24 18 true} {2 7 false} {21 16 false} {0 5 false} {16 11 false} {5 11 true} {18 13 false} {7 13 true} {20 15 false} {11 15 true}], [0 76848 0 84944 0 91473 0 102369 0 127419 0 140915 0 221435 0 395066 0], [0 5 0 12 0 8 0 8 0 15 0 8 0 12 0 12 0] 
greedy, DPC_GREEDY_VS_BASELINE, 1, {"Termination_parameter":0 "Gamma":0 "Epsilon":0 "Ucb_c":0 "Rollout_capture":0 "Termination_func_param":0 "POMCP_name":"" "Prior_hybrid":null "Selection_hybrid":null "Rollout_selection":null "Early_playout_termination":null "Opponent_modelling":false "OM_Threshold":0}, {"Termination_parameter":1000 "Gamma":0.95 "Epsilon":0.05 "Ucb_c":5 "Rollout_capture":0 "Termination_func_param":0 "POMCP_name":"DPC_GREEDY_VS_BASELINE" "Prior_hybrid":null "Selection_hybrid":null "Rollout_selection":null "Early_playout_termination":null "Opponent_modelling":false "OM_Threshold":0}, [{1 6 false} {23 18 false} {2 7 false} {18 13 false} {7 13 true} {22 17 false} {13 17 true} {21 17 true} {3 8 false} {24 19 false} {0 5 false} {19 14 false} {8 14 true} {17 12 false} {6 12 true} {20 15 false} {5 10 false}], [0 77582 0 84599 0 93848 0 102560 0 130018 0 153627 0 318499 0 560878 0], [0 5 0 12 0 8 0 8 0 15 0 14 0 8 0 4 0] 
greedy, DPC_GREEDY_VS_BASELINE, 1, {"Termination_parameter":0 "Gamma":0 "Epsilon":0 "Ucb_c":0 "Rollout_capture":0 "Termination_func_param":0 "POMCP_name":"" "Prior_hybrid":null "Selection_hybrid":null "Rollout_selection":null "Early_playout_termination":null "Opponent_modelling":false "OM_Threshold":0}, {"Termination_parameter":1000 "Gamma":0.95 "Epsilon":0.05 "Ucb_c":5 "Rollout_capture":0 "Termination_func_param":0 "POMCP_name":"DPC_GREEDY_VS_BASELINE" "Prior_hybrid":null "Selection_hybrid":null "Rollout_selection":null "Early_playout_termination":null "Opponent_modelling":false "OM_Threshold":0}, [{3 8 false} {23 18 false} {2 7 false} {18 13 false} {7 13 true} {22 17 false} {13 17 true} {21 17 true} {1 6 false} {24 19 false} {0 5 false} {19 14 false} {8 14 true} {17 12 false} {6 12 true} {20 15 false} {5 10 false}], [0 77367 0 87614 0 91593 0 100203 0 121980 0 147995 0 312162 0 545849 0], [0 5 0 12 0 8 0 8 0 15 0 14 0 8 0 4 0] 
greedy, DPC_GREEDY_VS_BASELINE, 1, {"Termination_parameter":0 "Gamma":0 "Epsilon":0 "Ucb_c":0 "Rollout_capture":0 "Termination_func_param":0 "POMCP_name":"" "Prior_hybrid":null "Selection_hybrid":null "Rollout_selection":null "Early_playout_termination":null "Opponent_modelling":false "OM_Threshold":0}, {"Termination_parameter":1000 "Gamma":0.95 "Epsilon":0.05 "Ucb_c":5 "Rollout_capture":0 "Termination_func_param":0 "POMCP_name":"DPC_GREEDY_VS_BASELINE" "Prior_hybrid":null "Selection_hybrid":null "Rollout_selection":null "Early_playout_termination":null "Opponent_modelling":false "OM_Threshold":0}, [{1 6 false} {23 18 false} {2 7 false} {18 13 false} {7 13 true} {22 17 false} {13 17 true} {21 17 true} {3 8 false} {24 19 false} {0 5 false} {19 14 false} {8 14 true} {17 12 false} {6 12 true} {20 15 false} {5 10 false}], [0 77324 0 83836 0 91340 0 108169 0 126349 0 144894 0 315305 0 567577 0], [0 5 0 12 0 8 0 8 0 15 0 14 0 8 0 4 0] 
greedy, DPC_GREEDY_VS_BASELINE, -1, {"Termination_parameter":0 "Gamma":0 "Epsilon":0 "Ucb_c":0 "Rollout_capture":0 "Termination_func_param":0 "POMCP_name":"" "Prior_hybrid":null "Selection_hybrid":null "Rollout_selection":null "Early_playout_termination":null "Opponent_modelling":false "OM_Threshold":0}, {"Termination_parameter":1000 "Gamma":0.95 "Epsilon":0.05 "Ucb_c":5 "Rollout_capture":0 "Termination_func_param":0 "POMCP_name":"DPC_GREEDY_VS_BASELINE" "Prior_hybrid":null "Selection_hybrid":null "Rollout_selection":null "Early_playout_termination":null "Opponent_modelling":false "OM_Threshold":0}, [{3 8 false} {23 18 false} {1 6 false} {18 13 false} {2 7 false} {13 7 true} {0 5 false} {7 2 false}], [0 78961 0 84302 0 233179 0 672711], [0 5 0 12 0 2 0 4] 
DPC_GREEDY_VS_BASELINE, greedy, -1, {"Termination_parameter":1000 "Gamma":0.95 "Epsilon":0.05 "Ucb_c":5 "Rollout_capture":0 "Termination_func_param":0 "POMCP_name":"DPC_GREEDY_VS_BASELINE" "Prior_hybrid":null "Selection_hybrid":null "Rollout_selection":null "Early_playout_termination":null "Opponent_modelling":false "OM_Threshold":0}, {"Termination_parameter":0 "Gamma":0 "Epsilon":0 "Ucb_c":0 "Rollout_capture":0 "Termination_func_param":0 "POMCP_name":"" "Prior_hybrid":null "Selection_hybrid":null "Rollout_selection":null "Early_playout_termination":null "Opponent_modelling":false "OM_Threshold":0}, [{1 6 false} {23 18 false} {6 11 false} {22 17 false} {11 17 true} {21 17 true} {2 7 false} {20 15 false} {3 8 false} {24 19 false} {4 9 false} {15 10 false} {8 13 false} {19 13 true} {7 13 true} {17 13 true} {9 14 false} {18 14 true} {0 5 false} {13 8 false}], [74875 0 85731 0 154575 0 98379 0 116912 0 131447 0 175618 0 220533 0 552685 0 1139279 0], [1 0 5 0 2 0 3 0 7 0 5 0 2 0 4 0 2 0 1 0] 
DPC_GREEDY_VS_BASELINE, greedy, 1, {"Termination_parameter":1000 "Gamma":0.95 "Epsilon":0.05 "Ucb_c":5 "Rollout_capture":0 "Termination_func_param":0 "POMCP_name":"DPC_GREEDY_VS_BASELINE" "Prior_hybrid":null "Selection_hybrid":null "Rollout_selection":null "Early_playout_termination":null "Opponent_modelling":false "OM_Threshold":0}, {"Termination_parameter":0 "Gamma":0 "Epsilon":0 "Ucb_c":0 "Rollout_capture":0 "Termination_func_param":0 "POMCP_name":"" "Prior_hybrid":null "Selection_hybrid":null "Rollout_selection":null "Early_playout_termination":null "Opponent_modelling":false "OM_Threshold":0}, [{3 8 false} {23 18 false} {8 13 false} {21 16 false} {2 7 false} {22 17 false} {13 17 true} {24 19 false} {17 22 false}], [75330 0 85730 0 83186 0 193817 0 684939], [1 0 5 0 2 0 2 0 2] 
DPC_GREEDY_VS_BASELINE, greedy, 1, {"Termination_parameter":1000 "Gamma":0.95 "Epsilon":0.05 "Ucb_c":5 "Rollout_capture":0 "Termination_func_param":0 "POMCP_name":"DPC_GREEDY_VS_BASELINE" "Prior_hybrid":null "Selection_hybrid":null "Rollout_selection":null "Early_playout_termination":null "Opponent_modelling":false "OM_Threshold":0}, {"Termination_parameter":0 "Gamma":0 "Epsilon":0 "Ucb_c":0 "Rollout_capture":0 "Termination_func_param":0 "POMCP_name":"" "Prior_hybrid":null "Selection_hybrid":null "Rollout_selection":null "Early_playout_termination":null "Opponent_modelling":false "OM_Threshold":0}, [{1 6 false} {22 17 false} {6 11 false} {17 11 true} {2 7 false} {11 7 true} {3 7 true} {23 18 false} {7 12 false} {18 12 true} {0 5 false} {21 16 false} {5 10 false} {20 15 false} {10 16 true} {24 19 false} {16 21 false}], [74494 0 82898 0 92818 0 109238 0 129028 0 237257 0 297126 0 595418 0 1186219], [1 0 5 0 2 0 2 0 8 0 4 0 16 0 1 0 3] 
DPC_GREEDY_VS_BASELINE, greedy, -1, {"Termination_parameter":1000 "Gamma":0.95 "Epsilon":0.05 "Ucb_c":5 "Rollout_capture":0 "Termination_func_param":0 "POMCP_name":"DPC_GREEDY_VS_BASELINE" "Prior_hybrid":null "Selection_hybrid":null "Rollout_selection":null "Early_playout_termination":null "Opponent_modelling":false "OM_Threshold":0}, {"Termination_parameter":0 "Gamma":0 "Epsilon":0 "Ucb_c":0 "Rollout_capture":0 "Termination_func_param":0 "POMCP_name":"" "Prior_hybrid":null "Selection_hybrid":null "Rollout_selection":null "Early_playout_termination":null "Opponent_modelling":false "OM_Threshold":0}, [{1 6 false} {23 18 false} {6 11 false} {22 17 false} {11 17 true} {21 17 true} {2 7 false} {24 19 false} {3 8 false} {20 15 false} {8 13 false} {19 13 true} {7 13 true} {17 13 true} {4 9 false} {13 9 true} {0 5 false} {9 4 false}], [70680 0 84874 0 155087 0 96331 0 112229 0 128400 0 175436 0 348320 0 934027 0], [1 0 5 0 2 0 3 0 7 0 5 0 9 0 4 0 4 0] 
DPC_GREEDY_VS_BASELINE, greedy, -1, {"Termination_parameter":1000 "Gamma":0.95 "Epsilon":0.05 "Ucb_c":5 "Rollout_capture":0 "Termination_func_param":0 "POMCP_name":"DPC_GREEDY_VS_BASELINE" "Prior_hybrid":null "Selection_hybrid":null "Rollout_selection":null "Early_playout_termination":null "Opponent_modelling":false "OM_Threshold":0}, {"Termination_parameter":0 "Gamma":0 "Epsilon":0 "Ucb_c":0 "Rollout_capture":0 "Termination_func_param":0 "POMCP_name":"" "Prior_hybrid":null "Selection_hybrid":null "Rollout_selection":null "Early_playout_termination":null "Opponent_modelling":false "OM_Threshold":0}, [{3 8 false} {23 18 false} {8 13 false} {22 17 false} {13 17 true} {21 17 true} {1 6 false} {24 19 false} {6 11 false} {17 11 true} {2 7 false} {11 7 true} {0 5 false} {7 2 false}], [75704 0 86172 0 198261 0 99307 0 119791 0 140345 0 356520 0], [1 0 5 0 1 0 1 0 3 0 4 0 5 0] 
DPC_GREEDY_VS_BASELINE, greedy, 1, {"Termination_parameter":1000 "Gamma":0.95 "Epsilon":0.05 "Ucb_c":5 "Rollout_capture":0 "Termination_func_param":0 "POMCP_name":"DPC_GREEDY_VS_BASELINE" "Prior_hybrid":null "Selection_hybrid":null "Rollout_selection":null "Early_playout_termination":null "Opponent_modelling":false "OM_Threshold":0}, {"Termination_parameter":0 "Gamma":0 "Epsilon":0 "Ucb_c":0 "Rollout_capture":0 "Termination_func_param":0 "POMCP_name":"" "Prior_hybrid":null "Selection_hybrid":null "Rollout_selection":null "Early_playout_termination":null "Opponent_modelling":false "OM_Threshold":0}, [{3 8 false} {21 16 false} {8 13 false} {23 18 false} {2 7 false} {22 17 false} {13 17 true} {20 15 false} {17 22 false}], [74358 0 84407 0 81877 0 189433 0 680959], [1 0 5 0 2 0 2 0 2] 
DPC_GREEDY_VS_BASELINE, greedy, -1, {"Termination_parameter":1000 "Gamma":0.95 "Epsilon":0.05 "Ucb_c":5 "Rollout_capture":0 "Termination_func_param":0 "POMCP_name":"DPC_GREEDY_VS_BASELINE" "Prior_hybrid":null "Selection_hybrid":null "Rollout_selection":null "Early_playout_termination":null "Opponent_modelling":false "OM_Threshold":0}, {"Termination_parameter":0 "Gamma":0 "Epsilon":0 "Ucb_c":0 "Rollout_capture":0 "Termination_func_param":0 "POMCP_name":"" "Prior_hybrid":null "Selection_hybrid":null "Rollout_selection":null "Early_playout_termination":null "Opponent_modelling":false "OM_Threshold":0}, [{3 8 false} {22 17 false} {8 13 false} {17 13 true} {2 7 false} {13 7 true} {1 7 true} {21 16 false} {7 12 false} {16 12 true} {4 9 false} {23 18 false} {9 14 false} {20 15 false} {14 19 false} {15 10 false} {0 5 false} {12 7 false}], [73734 0 82271 0 91915 0 109777 0 137465 0 236616 0 307675 0 469055 0 870766 0], [1 0 5 0 2 0 2 0 8 0 4 0 16 0 5 0 5 0] 
DPC_GREEDY_VS_BASELINE, greedy, -1, {"Termination_parameter":1000 "Gamma":0.95 "Epsilon":0.05 "Ucb_c":5 "Rollout_capture":0 "Termination_func_param":0 "POMCP_name":"DPC_GREEDY_VS_BASELINE" "Prior_hybrid":null "Selection_hybrid":null "Rollout_selection":null "Early_playout_termination":null "Opponent_modelling":false "OM_Threshold":0}, {"Termination_parameter":0 "Gamma":0 "Epsilon":0 "Ucb_c":0 "Rollout_capture":0 "Termination_func_param":0 "POMCP_name":"" "Prior_hybrid":null "Selection_hybrid":null "Rollout_selection":null "Early_playout_termination":null "Opponent_modelling":false "OM_Threshold":0}, [{3 8 false} {21 16 false} {8 13 false} {22 17 false} {13 17 true} {23 17 true} {1 6 false} {20 15 false} {6 11 false} {15 11 true} {2 7 false} {11 7 true} {0 5 false} {7 2 false}], [75250 0 85733 0 155368 0 94984 0 111032 0 146739 0 355715 0], [1 0 5 0 2 0 3 0 5 0 9 0 9 0] 
DPC_GREEDY_VS_BASELINE, greedy, 1, {"Termination_parameter":1000 "Gamma":0.95 "Epsilon":0.05 "Ucb_c":5 "Rollout_capture":0 "Termination_func_param":0 "POMCP_name":"DPC_GREEDY_VS_BASELINE" "Prior_hybrid":null "Selection_hybrid":null "Rollout_selection":null "Early_playout_termination":null "Opponent_modelling":false "OM_Threshold":0}, {"Termination_parameter":0 "Gamma":0 "Epsilon":0 "Ucb_c":0 "Rollout_capture":0 "Termination_func_param":0 "POMCP_name":"" "Prior_hybrid":null "Selection_hybrid":null "Rollout_selection":null "Early_playout_termination":null "Opponent_modelling":false "OM_Threshold":0}, [{3 8 false} {23 18 false} {8 13 false} {21 16 false} {2 7 false} {22 17 false} {13 17 true} {24 19 false} {17 22 false}], [75534 0 84235 0 82369 0 183295 0 693148], [1 0 5 0 2 0 2 0 2] 
DPC_GREEDY_VS_BASELINE, greedy, -1, {"Termination_parameter":1000 "Gamma":0.95 "Epsilon":0.05 "Ucb_c":5 "Rollout_capture":0 "Termination_func_param":0 "POMCP_name":"DPC_GREEDY_VS_BASELINE" "Prior_hybrid":null "Selection_hybrid":null "Rollout_selection":null "Early_playout_termination":null "Opponent_modelling":false "OM_Threshold":0}, {"Termination_parameter":0 "Gamma":0 "Epsilon":0 "Ucb_c":0 "Rollout_capture":0 "Termination_func_param":0 "POMCP_name":"" "Prior_hybrid":null "Selection_hybrid":null "Rollout_selection":null "Early_playout_termination":null "Opponent_modelling":false "OM_Threshold":0}, [{3 8 false} {23 18 false} {8 13 false} {22 17 false} {13 17 true} {21 17 true} {1 6 false} {24 19 false} {6 11 false} {17 11 true} {2 7 false} {11 7 true} {0 5 false} {7 2 false}], [74342 0 85235 0 202083 0 101845 0 119904 0 141868 0 360658 0], [1 0 5 0 1 0 1 0 3 0 4 0 5 0] 
DPC_GREEDY_VS_BASELINE, greedy, -1, {"Termination_parameter":1000 "Gamma":0.95 "Epsilon":0.05 "Ucb_c":5 "Rollout_capture":0 "Termination_func_param":0 "POMCP_name":"DPC_GREEDY_VS_BASELINE" "Prior_hybrid":null "Selection_hybrid":null "Rollout_selection":null "Early_playout_termination":null "Opponent_modelling":false "OM_Threshold":0}, {"Termination_parameter":0 "Gamma":0 "Epsilon":0 "Ucb_c":0 "Rollout_capture":0 "Termination_func_param":0 "POMCP_name":"" "Prior_hybrid":null "Selection_hybrid":null "Rollout_selection":null "Early_playout_termination":null "Opponent_modelling":false "OM_Threshold":0}, [{1 6 false} {22 17 false} {6 11 false} {17 11 true} {2 7 false} {11 7 true} {3 7 true} {21 16 false} {7 12 false} {16 12 true} {0 5 false} {23 18 false} {5 10 false} {20 15 false} {4 9 false} {24 19 false} {9 14 false} {18 13 false}], [76184 0 83635 0 91274 0 111855 0 138924 0 237497 0 302736 0 496272 0 960835 0], [1 0 5 0 2 0 2 0 8 0 4 0 16 0 5 0 6 0] 
DPC_GREEDY_VS_BASELINE, greedy, -1, {"Termination_parameter":1000 "Gamma":0.95 "Epsilon":0.05 "Ucb_c":5 "Rollout_capture":0 "Termination_func_param":0 "POMCP_name":"DPC_GREEDY_VS_BASELINE" "Prior_hybrid":null "Selection_hybrid":null "Rollout_selection":null "Early_playout_termination":null "Opponent_modelling":false "OM_Threshold":0}, {"Termination_parameter":0 "Gamma":0 "Epsilon":0 "Ucb_c":0 "Rollout_capture":0 "Termination_func_param":0 "POMCP_name":"" "Prior_hybrid":null "Selection_hybrid":null "Rollout_selection":null "Early_playout_termination":null "Opponent_modelling":false "OM_Threshold":0}, [{3 8 false} {23 18 false} {8 13 false} {22 17 false} {13 17 true} {21 17 true} {1 6 false} {20 15 false} {6 11 false} {15 11 true} {2 7 false} {11 7 true} {0 5 false} {7 2 false}], [75804 0 85515 0 197690 0 97598 0 112370 0 144089 0 360879 0], [1 0 5 0 1 0 1 0 3 0 4 0 5 0] 
DPC_GREEDY_VS_BASELINE, greedy, -1, {"Termination_parameter":1000 "Gamma":0.95 "Epsilon":0.05 "Ucb_c":5 "Rollout_capture":0 "Termination_func_param":0 "POMCP_name":"DPC_GREEDY_VS_BASELINE" "Prior_hybrid":null "Selection_hybrid":null "Rollout_selection":null "Early_playout_termination":null "Opponent_modelling":false "OM_Threshold":0}, {"Termination_parameter":0 "Gamma":0 "Epsilon":0 "Ucb_c":0 "Rollout_capture":0 "Termination_func_param":0 "POMCP_name":"" "Prior_hybrid":null "Selection_hybrid":null "Rollout_selection":null "Early_playout_termination":null "Opponent_modelling":false "OM_Threshold":0}, [{3 8 false} {22 17 false} {8 13 false} {17 13 true} {2 7 false} {13 7 true} {1 7 true} {23 18 false} {7 12 false} {18 12 true} {4 9 false} {21 16 false} {9 14 false} {20 15 false} {14 19 false} {12 7 false} {0 5 false} {7 2 false}], [75567 0 86073 0 93516 0 113153 0 136244 0 239746 0 306955 0 506206 0 742580 0], [1 0 5 0 2 0 2 0 8 0 4 0 16 0 25 0 12 0] 
DPC_GREEDY_VS_BASELINE, greedy, 1, {"Termination_parameter":1000 "Gamma":0.95 "Epsilon":0.05 "Ucb_c":5 "Rollout_capture":0 "Termination_func_param":0 "POMCP_name":"DPC_GREEDY_VS_BASELINE" "Prior_hybrid":null "Selection_hybrid":null "Rollout_selection":null "Early_playout_termination":null "Opponent_modelling":false "OM_Threshold":0}, {"Termination_parameter":0 "Gamma":0 "Epsilon":0 "Ucb_c":0 "Rollout_capture":0 "Termination_func_param":0 "POMCP_name":"" "Prior_hybrid":null "Selection_hybrid":null "Rollout_selection":null "Early_playout_termination":null "Opponent_modelling":false "OM_Threshold":0}, [{3 8 false} {23 18 false} {8 13 false} {21 16 false} {2 7 false} {22 17 false} {13 17 true} {24 19 false} {17 22 false}], [75391 0 84510 0 83492 0 184059 0 678832], [1 0 5 0 2 0 2 0 2] 
DPC_GREEDY_VS_BASELINE, greedy, -1, {"Termination_parameter":1000 "Gamma":0.95 "Epsilon":0.05 "Ucb_c":5 "Rollout_capture":0 "Termination_func_param":0 "POMCP_name":"DPC_GREEDY_VS_BASELINE" "Prior_hybrid":null "Selection_hybrid":null "Rollout_selection":null "Early_playout_termination":null "Opponent_modelling":false "OM_Threshold":0}, {"Termination_parameter":0 "Gamma":0 "Epsilon":0 "Ucb_c":0 "Rollout_capture":0 "Termination_func_param":0 "POMCP_name":"" "Prior_hybrid":null "Selection_hybrid":null "Rollout_selection":null "Early_playout_termination":null "Opponent_modelling":false "OM_Threshold":0}, [{1 6 false} {23 18 false} {6 11 false} {22 17 false} {11 17 true} {21 17 true} {3 8 false} {20 15 false} {8 13 false} {17 13 true} {2 7 false} {13 7 true} {4 9 false} {7 2 false}], [76013 0 83067 0 157336 0 96018 0 111959 0 150818 0 352610 0], [1 0 5 0 2 0 3 0 5 0 9 0 9 0] 
DPC_GREEDY_VS_BASELINE, greedy, -1, {"Termination_parameter":1000 "Gamma":0.95 "Epsilon":0.05 "Ucb_c":5 "Rollout_capture":0 "Termination_func_param":0 "POMCP_name":"DPC_GREEDY_VS_BASELINE" "Prior_hybrid":null "Selection_hybrid":null "Rollout_selection":null "Early_playout_termination":null "Opponent_modelling":false "OM_Threshold":0}, {"Termination_parameter":0 "Gamma":0 "Epsilon":0 "Ucb_c":0 "Rollout_capture":0 "Termination_func_param":0 "POMCP_name":"" "Prior_hybrid":null "Selection_hybrid":null "Rollout_selection":null "Early_playout_termination":null "Opponent_modelling":false "OM_Threshold":0}, [{1 6 false} {23 18 false} {6 11 false} {22 17 false} {11 17 true} {21 17 true} {2 7 false} {24 19 false} {3 8 false} {20 15 false} {8 13 false} {19 13 true} {7 13 true} {17 13 true} {4 9 false} {13 9 true} {0 5 false} {9 4 false}], [74398 0 84087 0 157231 0 97257 0 118051 0 132839 0 171389 0 362542 0 949362 0], [1 0 5 0 2 0 3 0 7 0 5 0 9 0 4 0 4 0] 
DPC_GREEDY_VS_BASELINE, greedy, 1, {"Termination_parameter":1000 "Gamma":0.95 "Epsilon":0.05 "Ucb_c":5 "Rollout_capture":0 "Termination_func_param":0 "POMCP_name":"DPC_GREEDY_VS_BASELINE" "Prior_hybrid":null "Selection_hybrid":null "Rollout_selection":null "Early_playout_termination":null "Opponent_modelling":false "OM_Threshold":0}, {"Termination_parameter":0 "Gamma":0 "Epsilon":0 "Ucb_c":0 "Rollout_capture":0 "Termination_func_param":0 "POMCP_name":"" "Prior_hybrid":null "Selection_hybrid":null "Rollout_selection":null "Early_playout_termination":null "Opponent_modelling":false "OM_Threshold":0}, [{3 8 false} {23 18 false} {8 13 false} {21 16 false} {2 7 false} {22 17 false} {13 17 true} {24 19 false} {17 22 false}], [71046 0 82639 0 83692 0 184911 0 661233], [1 0 5 0 2 0 2 0 2] 
DPC_GREEDY_VS_BASELINE, greedy, -1, {"Termination_parameter":1000 "Gamma":0.95 "Epsilon":0.05 "Ucb_c":5 "Rollout_capture":0 "Termination_func_param":0 "POMCP_name":"DPC_GREEDY_VS_BASELINE" "Prior_hybrid":null "Selection_hybrid":null "Rollout_selection":null "Early_playout_termination":null "Opponent_modelling":false "OM_Threshold":0}, {"Termination_parameter":0 "Gamma":0 "Epsilon":0 "Ucb_c":0 "Rollout_capture":0 "Termination_func_param":0 "POMCP_name":"" "Prior_hybrid":null "Selection_hybrid":null "Rollout_selection":null "Early_playout_termination":null "Opponent_modelling":false "OM_Threshold":0}, [{1 6 false} {22 17 false} {6 11 false} {17 11 true} {2 7 false} {11 7 true} {3 7 true} {21 16 false} {7 12 false} {16 12 true} {0 5 false} {23 18 false} {5 10 false} {20 15 false} {4 9 false} {24 19 false} {9 14 false} {18 13 false}], [72822 0 84281 0 92422 0 107683 0 131172 0 234535 0 288043 0 485551 0 955584 0], [1 0 5 0 2 0 2 0 8 0 4 0 16 0 5 0 6 0] 
DPC_GREEDY_VS_BASELINE, greedy, 1, {"Termination_parameter":1000 "Gamma":0.95 "Epsilon":0.05 "Ucb_c":5 "Rollout_capture":0 "Termination_func_param":0 "POMCP_name":"DPC_GREEDY_VS_BASELINE" "Prior_hybrid":null "Selection_hybrid":null "Rollout_selection":null "Early_playout_termination":null "Opponent_modelling":false "OM_Threshold":0}, {"Termination_parameter":0 "Gamma":0 "Epsilon":0 "Ucb_c":0 "Rollout_capture":0 "Termination_func_param":0 "POMCP_name":"" "Prior_hybrid":null "Selection_hybrid":null "Rollout_selection":null "Early_playout_termination":null "Opponent_modelling":false "OM_Threshold":0}, [{3 8 false} {23 18 false} {8 13 false} {21 16 false} {2 7 false} {22 17 false} {13 17 true} {20 15 false} {17 22 false}], [72578 0 84590 0 82682 0 178541 0 660012], [1 0 5 0 2 0 2 0 2] 
DPC_GREEDY_VS_BASELINE, greedy, -1, {"Termination_parameter":1000 "Gamma":0.95 "Epsilon":0.05 "Ucb_c":5 "Rollout_capture":0 "Termination_func_param":0 "POMCP_name":"DPC_GREEDY_VS_BASELINE" "Prior_hybrid":null "Selection_hybrid":null "Rollout_selection":null "Early_playout_termination":null "Opponent_modelling":false "OM_Threshold":0}, {"Termination_parameter":0 "Gamma":0 "Epsilon":0 "Ucb_c":0 "Rollout_capture":0 "Termination_func_param":0 "POMCP_name":"" "Prior_hybrid":null "Selection_hybrid":null "Rollout_selection":null "Early_playout_termination":null "Opponent_modelling":false "OM_Threshold":0}, [{1 6 false} {21 16 false} {6 11 false} {22 17 false} {11 17 true} {23 17 true} {3 8 false} {20 15 false} {8 13 false} {17 13 true} {2 7 false} {13 7 true} {4 9 false} {7 2 false}], [75413 0 84629 0 203196 0 95832 0 114472 0 133485 0 340887 0], [1 0 5 0 1 0 1 0 3 0 4 0 5 0] 
DPC_GREEDY_VS_BASELINE, greedy, 1, {"Termination_parameter":1000 "Gamma":0.95 "Epsilon":0.05 "Ucb_c":5 "Rollout_capture":0 "Termination_func_param":0 "POMCP_name":"DPC_GREEDY_VS_BASELINE" "Prior_hybrid":null "Selection_hybrid":null "Rollout_selection":null "Early_playout_termination":null "Opponent_modelling":false "OM_Threshold":0}, {"Termination_parameter":0 "Gamma":0 "Epsilon":0 "Ucb_c":0 "Rollout_capture":0 "Termination_func_param":0 "POMCP_name":"" "Prior_hybrid":null "Selection_hybrid":null "Rollout_selection":null "Early_playout_termination":null "Opponent_modelling":false "OM_Threshold":0}, [{1 6 false} {23 18 false} {6 11 false} {21 16 false} {2 7 false} {22 17 false} {11 17 true} {24 19 false} {17 22 false}], [74398 0 80982 0 82094 0 186226 0 670455], [1 0 5 0 2 0 2 0 2] 
DPC_GREEDY_VS_BASELINE, greedy, -1, {"Termination_parameter":1000 "Gamma":0.95 "Epsilon":0.05 "Ucb_c":5 "Rollout_capture":0 "Termination_func_param":0 "POMCP_name":"DPC_GREEDY_VS_BASELINE" "Prior_hybrid":null "Selection_hybrid":null "Rollout_selection":null "Early_playout_termination":null "Opponent_modelling":false "OM_Threshold":0}, {"Termination_parameter":0 "Gamma":0 "Epsilon":0 "Ucb_c":0 "Rollout_capture":0 "Termination_func_param":0 "POMCP_name":"" "Prior_hybrid":null "Selection_hybrid":null "Rollout_selection":null "Early_playout_termination":null "Opponent_modelling":false "OM_Threshold":0}, [{1 6 false} {22 17 false} {6 11 false} {17 11 true} {2 7 false} {11 7 true} {3 7 true} {21 16 false} {7 12 false} {16 12 true} {0 5 false} {23 18 false} {5 10 false} {20 15 false} {4 9 false} {24 19 false} {9 14 false} {18 13 false}], [74004 0 80651 0 88063 0 108044 0 129255 0 234847 0 302895 0 492470 0 947034 0], [1 0 5 0 2 0 2 0 8 0 4 0 16 0 5 0 6 0] 
DPC_GREEDY_VS_BASELINE, greedy, 0, {"Termination_parameter":1000 "Gamma":0.95 "Epsilon":0.05 "Ucb_c":5 "Rollout_capture":0 "Termination_func_param":0 "POMCP_name":"DPC_GREEDY_VS_BASELINE" "Prior_hybrid":null "Selection_hybrid":null "Rollout_selection":null "Early_playout_termination":null "Opponent_modelling":false "OM_Threshold":0}, {"Termination_parameter":0 "Gamma":0 "Epsilon":0 "Ucb_c":0 "Rollout_capture":0 "Termination_func_param":0 "POMCP_name":"" "Prior_hybrid":null "Selection_hybrid":null "Rollout_selection":null "Early_playout_termination":null "Opponent_modelling":false "OM_Threshold":0}, [{1 6 false} {23 18 false} {6 11 false} {22 17 false} {11 17 true} {21 17 true} {2 7 false} {20 15 false} {3 8 false} {24 19 false} {4 9 false} {18 13 false} {9 13 true} {19 13 true} {7 13 true} {17 13 true} {0 5 false} {15 10 false}], [73050 0 84583 0 154412 0 88736 0 107381 0 125162 0 184554 0 316910 0 1182066 0], [1 0 5 0 2 0 3 0 7 0 5 0 2 0 3 0 1 0] 
DPC_GREEDY_VS_BASELINE, greedy, -1, {"Termination_parameter":1000 "Gamma":0.95 "Epsilon":0.05 "Ucb_c":5 "Rollout_capture":0 "Termination_func_param":0 "POMCP_name":"DPC_GREEDY_VS_BASELINE" "Prior_hybrid":null "Selection_hybrid":null "Rollout_selection":null "Early_playout_termination":null "Opponent_modelling":false "OM_Threshold":0}, {"Termination_parameter":0 "Gamma":0 "Epsilon":0 "Ucb_c":0 "Rollout_capture":0 "Termination_func_param":0 "POMCP_name":"" "Prior_hybrid":null "Selection_hybrid":null "Rollout_selection":null "Early_playout_termination":null "Opponent_modelling":false "OM_Threshold":0}, [{1 6 false} {23 18 false} {6 11 false} {22 17 false} {11 17 true} {21 17 true} {2 7 false} {20 15 false} {3 8 false} {24 19 false} {8 13 false} {19 13 true} {7 13 true} {17 13 true} {4 9 false} {13 9 true} {0 5 false} {9 4 false}], [72097 0 80252 0 147933 0 95821 0 112769 0 131237 0 169139 0 360709 0 948661 0], [1 0 5 0 2 0 3 0 7 0 5 0 9 0 4 0 4 0] 
DPC_GREEDY_VS_BASELINE, greedy, -1, {"Termination_parameter":1000 "Gamma":0.95 "Epsilon":0.05 "Ucb_c":5 "Rollout_capture":0 "Termination_func_param":0 "POMCP_name":"DPC_GREEDY_VS_BASELINE" "Prior_hybrid":null "Selection_hybrid":null "Rollout_selection":null "Early_playout_termination":null "Opponent_modelling":false "OM_Threshold":0}, {"Termination_parameter":0 "Gamma":0 "Epsilon":0 "Ucb_c":0 "Rollout_capture":0 "Termination_func_param":0 "POMCP_name":"" "Prior_hybrid":null "Selection_hybrid":null "Rollout_selection":null "Early_playout_termination":null "Opponent_modelling":false "OM_Threshold":0}, [{3 8 false} {23 18 false} {8 13 false} {22 17 false} {13 17 true} {21 17 true} {1 6 false} {20 15 false} {6 11 false} {15 11 true} {2 7 false} {11 7 true} {0 5 false} {7 2 false}], [74590 0 80286 0 195490 0 98624 0 118481 0 137521 0 359357 0], [1 0 5 0 1 0 1 0 3 0 4 0 5 0] 
DPC_GREEDY_VS_BASELINE, greedy, 1, {"Termination_parameter":1000 "Gamma":0.95 "Epsilon":0.05 "Ucb_c":5 "Rollout_capture":0 "Termination_func_param":0 "POMCP_name":"DPC_GREEDY_VS_BASELINE" "Prior_hybrid":null "Selection_hybrid":null "Rollout_selection":null "Early_playout_termination":null "Opponent_modelling":false "OM_Threshold":0}, {"Termination_parameter":0 "Gamma":0 "Epsilon":0 "Ucb_c":0 "Rollout_capture":0 "Termination_func_param":0 "POMCP_name":"" "Prior_hybrid":null "Selection_hybrid":null "Rollout_selection":null "Early_playout_termination":null "Opponent_modelling":false "OM_Threshold":0}, [{1 6 false} {23 18 false} {6 11 false} {21 16 false} {2 7 false} {22 17 false} {11 17 true} {20 15 false} {17 22 false}], [72037 0 83659 0 82332 0 187662 0 676359], [1 0 5 0 2 0 2 0 2] 
DPC_GREEDY_VS_BASELINE, greedy, -1, {"Termination_parameter":1000 "Gamma":0.95 "Epsilon":0.05 "Ucb_c":5 "Rollout_capture":0 "Termination_func_param":0 "POMCP_name":"DPC_GREEDY_VS_BASELINE" "Prior_hybrid":null "Selection_hybrid":null "Rollout_selection":null "Early_playout_termination":null "Opponent_modelling":false "OM_Threshold":0}, {"Termination_parameter":0 "Gamma":0 "Epsilon":0 "Ucb_c":0 "Rollout_capture":0 "Termination_func_param":0 "POMCP_name":"" "Prior_hybrid":null "Selection_hybrid":null "Rollout_selection":null "Early_playout_termination":null "Opponent_modelling":false "OM_Threshold":0}, [{3 8 false} {23 18 false} {8 13 false} {22 17 false} {13 17 true} {21 17 true} {1 6 false} {24 19 false} {6 11 false} {17 11 true} {2 7 false} {11 7 true} {0 5 false} {7 2 false}], [72417 0 83525 0 199006 0 98408 0 117654 0 142988 0 352541 0], [1 0 5 0 1 0 1 0 3 0 4 0 5 0] 
DPC_GREEDY_VS_BASELINE, greedy, 1, {"Termination_parameter":1000 "Gamma":0.95 "Epsilon":0.05 "Ucb_c":5 "Rollout_capture":0 "Termination_func_param":0 "POMCP_name":"DPC_GREEDY_VS_BASELINE" "Prior_hybrid":null "Selection_hybrid":null "Rollout_selection":null "Early_playout_termination":null "Opponent_modelling":false "OM_Threshold":0}, {"Termination_parameter":0 "Gamma":0 "Epsilon":0 "Ucb_c":0 "Rollout_capture":0 "Termination_func_param":0 "POMCP_name":"" "Prior_hybrid":null "Selection_hybrid":null "Rollout_selection":null "Early_playout_termination":null "Opponent_modelling":false "OM_Threshold":0}, [{3 8 false} {21 16 false} {8 13 false} {23 18 false} {2 7 false} {22 17 false} {13 17 true} {20 15 false} {17 22 false}], [75385 0 82105 0 82972 0 185600 0 676051], [1 0 5 0 2 0 2 0 2] 
DPC_GREEDY_VS_BASELINE, greedy, 1, {"Termination_parameter":1000 "Gamma":0.95 "Epsilon":0.05 "Ucb_c":5 "Rollout_capture":0 "Termination_func_param":0 "POMCP_name":"DPC_GREEDY_VS_BASELINE" "Prior_hybrid":null "Selection_hybrid":null "Rollout_selection":null "Early_playout_termination":null "Opponent_modelling":false "OM_Threshold":0}, {"Termination_parameter":0 "Gamma":0 "Epsilon":0 "Ucb_c":0 "Rollout_capture":0 "Termination_func_param":0 "POMCP_name":"" "Prior_hybrid":null "Selection_hybrid":null "Rollout_selection":null "Early_playout_termination":null "Opponent_modelling":false "OM_Threshold":0}, [{1 6 false} {21 16 false} {6 11 false} {23 18 false} {2 7 false} {22 17 false} {11 17 true} {20 15 false} {17 22 false}], [75271 0 84007 0 82528 0 192747 0 693599], [1 0 5 0 2 0 2 0 2] 
DPC_GREEDY_VS_BASELINE, greedy, -1, {"Termination_parameter":1000 "Gamma":0.95 "Epsilon":0.05 "Ucb_c":5 "Rollout_capture":0 "Termination_func_param":0 "POMCP_name":"DPC_GREEDY_VS_BASELINE" "Prior_hybrid":null "Selection_hybrid":null "Rollout_selection":null "Early_playout_termination":null "Opponent_modelling":false "OM_Threshold":0}, {"Termination_parameter":0 "Gamma":0 "Epsilon":0 "Ucb_c":0 "Rollout_capture":0 "Termination_func_param":0 "POMCP_name":"" "Prior_hybrid":null "Selection_hybrid":null "Rollout_selection":null "Early_playout_termination":null "Opponent_modelling":false "OM_Threshold":0}, [{1 6 false} {23 18 false} {6 11 false} {22 17 false} {11 17 true} {21 17 true} {3 8 false} {20 15 false} {8 13 false} {17 13 true} {2 7 false} {13 7 true} {4 9 false} {7 2 false}], [74427 0 85817 0 159530 0 89059 0 106028 0 142494 0 349614 0], [1 0 5 0 2 0 3 0 5 0 9 0 9 0] 
DPC_GREEDY_VS_BASELINE, greedy, 1, {"Termination_parameter":1000 "Gamma":0.95 "Epsilon":0.05 "Ucb_c":5 "Rollout_capture":0 "Termination_func_param":0 "POMCP_name":"DPC_GREEDY_VS_BASELINE" "Prior_hybrid":null "Selection_hybrid":null "Rollout_selection":null "Early_playout_termination":null "Opponent_modelling":false "OM_Threshold":0}, {"Termination_parameter":0 "Gamma":0 "Epsilon":0 "Ucb_c":0 "Rollout_capture":0 "Termination_func_param":0 "POMCP_name":"" "Prior_hybrid":null "Selection_hybrid":null "Rollout_selection":null "Early_playout_termination":null "Opponent_modelling":false "OM_Threshold":0}, [{3 8 false} {21 16 false} {8 13 false} {23 18 false} {2 7 false} {22 17 false} {13 17 true} {24 19 false} {17 22 false}], [75073 0 83743 0 79270 0 190277 0 679900], [1 0 5 0 2 0 2 0 2] 
DPC_GREEDY_VS_BASELINE, greedy, -1, {"Termination_parameter":1000 "Gamma":0.95 "Epsilon":0.05 "Ucb_c":5 "Rollout_capture":0 "Termination_func_param":0 "POMCP_name":"DPC_GREEDY_VS_BASELINE" "Prior_hybrid":null "Selection_hybrid":null "Rollout_selection":null "Early_playout_termination":null "Opponent_modelling":false "OM_Threshold":0}, {"Termination_parameter":0 "Gamma":0 "Epsilon":0 "Ucb_c":0 "Rollout_capture":0 "Termination_func_param":0 "POMCP_name":"" "Prior_hybrid":null "Selection_hybrid":null "Rollout_selection":null "Early_playout_termination":null "Opponent_modelling":false "OM_Threshold":0}, [{1 6 false} {22 17 false} {6 11 false} {17 11 true} {2 7 false} {11 7 true} {3 7 true} {21 16 false} {7 12 false} {16 12 true} {0 5 false} {23 18 false} {5 10 false} {20 15 false} {4 9 false} {24 19 false} {9 14 false} {18 13 false}], [75753 0 84525 0 88419 0 110045 0 135852 0 237370 0 299840 0 486635 0 946770 0], [1 0 5 0 2 0 2 0 8 0 4 0 16 0 5 0 6 0] 
DPC_GREEDY_VS_BASELINE, greedy, -1, {"Termination_parameter":1000 "Gamma":0.95 "Epsilon":0.05 "Ucb_c":5 "Rollout_capture":0 "Termination_func_param":0 "POMCP_name":"DPC_GREEDY_VS_BASELINE" "Prior_hybrid":null "Selection_hybrid":null "Rollout_selection":null "Early_playout_termination":null "Opponent_modelling":false "OM_Threshold":0}, {"Termination_parameter":0 "Gamma":0 "Epsilon":0 "Ucb_c":0 "Rollout_capture":0 "Termination_func_param":0 "POMCP_name":"" "Prior_hybrid":null "Selection_hybrid":null "Rollout_selection":null "Early_playout_termination":null "Opponent_modelling":false "OM_Threshold":0}, [{1 6 false} {22 17 false} {6 11 false} {17 11 true} {2 7 false} {11 7 true} {3 7 true} {21 16 false} {7 12 false} {16 12 true} {0 5 false} {23 18 false} {5 10 false} {24 19 false} {10 15 false} {18 13 false} {4 9 false} {13 9 true}], [74891 0 82560 0 91686 0 107290 0 135744 0 239338 0 303670 0 494610 0 778811 0], [1 0 5 0 2 0 2 0 8 0 4 0 16 0 25 0 13 0] 
DPC_GREEDY_VS_BASELINE, greedy, 1, {"Termination_parameter":1000 "Gamma":0.95 "Epsilon":0.05 "Ucb_c":5 "Rollout_capture":0 "Termination_func_param":0 "POMCP_name":"DPC_GREEDY_VS_BASELINE" "Prior_hybrid":null "Selection_hybrid":null "Rollout_selection":null "Early_playout_termination":null "Opponent_modelling":false "OM_Threshold":0}, {"Termination_parameter":0 "Gamma":0 "Epsilon":0 "Ucb_c":0 "Rollout_capture":0 "Termination_func_param":0 "POMCP_name":"" "Prior_hybrid":null "Selection_hybrid":null "Rollout_selection":null "Early_playout_termination":null "Opponent_modelling":false "OM_Threshold":0}, [{3 8 false} {21 16 false} {8 13 false} {23 18 false} {2 7 false} {22 17 false} {13 17 true} {20 15 false} {17 22 false}], [75835 0 84085 0 82266 0 192856 0 677438], [1 0 5 0 2 0 2 0 2] 
DPC_GREEDY_VS_BASELINE, greedy, 1, {"Termination_parameter":1000 "Gamma":0.95 "Epsilon":0.05 "Ucb_c":5 "Rollout_capture":0 "Termination_func_param":0 "POMCP_name":"DPC_GREEDY_VS_BASELINE" "Prior_hybrid":null "Selection_hybrid":null "Rollout_selection":null "Early_playout_termination":null "Opponent_modelling":false "OM_Threshold":0}, {"Termination_parameter":0 "Gamma":0 "Epsilon":0 "Ucb_c":0 "Rollout_capture":0 "Termination_func_param":0 "POMCP_name":"" "Prior_hybrid":null "Selection_hybrid":null "Rollout_selection":null "Early_playout_termination":null "Opponent_modelling":false "OM_Threshold":0}, [{3 8 false} {23 18 false} {8 13 false} {21 16 false} {2 7 false} {22 17 false} {13 17 true} {20 15 false} {17 22 false}], [75648 0 85217 0 82689 0 179634 0 641719], [1 0 5 0 2 0 2 0 2] 
DPC_GREEDY_VS_BASELINE, greedy, 1, {"Termination_parameter":1000 "Gamma":0.95 "Epsilon":0.05 "Ucb_c":5 "Rollout_capture":0 "Termination_func_param":0 "POMCP_name":"DPC_GREEDY_VS_BASELINE" "Prior_hybrid":null "Selection_hybrid":null "Rollout_selection":null "Early_playout_termination":null "Opponent_modelling":false "OM_Threshold":0}, {"Termination_parameter":0 "Gamma":0 "Epsilon":0 "Ucb_c":0 "Rollout_capture":0 "Termination_func_param":0 "POMCP_name":"" "Prior_hybrid":null "Selection_hybrid":null "Rollout_selection":null "Early_playout_termination":null "Opponent_modelling":false "OM_Threshold":0}, [{3 8 false} {23 18 false} {8 13 false} {21 16 false} {2 7 false} {22 17 false} {13 17 true} {20 15 false} {17 22 false}], [73740 0 82084 0 80502 0 181205 0 630258], [1 0 5 0 2 0 2 0 2] 
DPC_GREEDY_VS_BASELINE, greedy, -1, {"Termination_parameter":1000 "Gamma":0.95 "Epsilon":0.05 "Ucb_c":5 "Rollout_capture":0 "Termination_func_param":0 "POMCP_name":"DPC_GREEDY_VS_BASELINE" "Prior_hybrid":null "Selection_hybrid":null "Rollout_selection":null "Early_playout_termination":null "Opponent_modelling":false "OM_Threshold":0}, {"Termination_parameter":0 "Gamma":0 "Epsilon":0 "Ucb_c":0 "Rollout_capture":0 "Termination_func_param":0 "POMCP_name":"" "Prior_hybrid":null "Selection_hybrid":null "Rollout_selection":null "Early_playout_termination":null "Opponent_modelling":false "OM_Threshold":0}, [{1 6 false} {23 18 false} {6 11 false} {22 17 false} {11 17 true} {21 17 true} {3 8 false} {24 19 false} {8 13 false} {19 13 true} {2 7 false} {13 7 true} {4 9 false} {7 2 false}], [72019 0 79907 0 145114 0 95180 0 107585 0 135343 0 356571 0], [1 0 5 0 2 0 3 0 5 0 9 0 9 0] 
DPC_GREEDY_VS_BASELINE, greedy, 1, {"Termination_parameter":1000 "Gamma":0.95 "Epsilon":0.05 "Ucb_c":5 "Rollout_capture":0 "Termination_func_param":0 "POMCP_name":"DPC_GREEDY_VS_BASELINE" "Prior_hybrid":null "Selection_hybrid":null "Rollout_selection":null "Early_playout_termination":null "Opponent_modelling":false "OM_Threshold":0}, {"Termination_parameter":0 "Gamma":0 "Epsilon":0 "Ucb_c":0 "Rollout_capture":0 "Termination_func_param":0 "POMCP_name":"" "Prior_hybrid":null "Selection_hybrid":null "Rollout_selection":null "Early_playout_termination":null "Opponent_modelling":false "OM_Threshold":0}, [{3 8 false} {23 18 false} {8 13 false} {21 16 false} {2 7 false} {22 17 false} {13 17 true} {24 19 false} {17 22 false}], [72317 0 82257 0 81606 0 185640 0 671833], [1 0 5 0 2 0 2 0 2] 
DPC_GREEDY_VS_BASELINE, greedy, -1, {"Termination_parameter":1000 "Gamma":0.95 "Epsilon":0.05 "Ucb_c":5 "Rollout_capture":0 "Termination_func_param":0 "POMCP_name":"DPC_GREEDY_VS_BASELINE" "Prior_hybrid":null "Selection_hybrid":null "Rollout_selection":null "Early_playout_termination":null "Opponent_modelling":false "OM_Threshold":0}, {"Termination_parameter":0 "Gamma":0 "Epsilon":0 "Ucb_c":0 "Rollout_capture":0 "Termination_func_param":0 "POMCP_name":"" "Prior_hybrid":null "Selection_hybrid":null "Rollout_selection":null "Early_playout_termination":null "Opponent_modelling":false "OM_Threshold":0}, [{1 6 false} {22 17 false} {6 11 false} {17 11 true} {2 7 false} {11 7 true} {3 7 true} {21 16 false} {7 12 false} {16 12 true} {0 5 false} {23 18 false} {5 10 false} {20 15 false} {4 9 false} {24 19 false} {9 14 false} {18 13 false}], [73809 0 80408 0 90454 0 109235 0 133114 0 216188 0 298563 0 475876 0 941002 0], [1 0 5 0 2 0 2 0 8 0 4 0 16 0 5 0 6 0] 
DPC_GREEDY_VS_BASELINE, greedy, -1, {"Termination_parameter":1000 "Gamma":0.95 "Epsilon":0.05 "Ucb_c":5 "Rollout_capture":0 "Termination_func_param":0 "POMCP_name":"DPC_GREEDY_VS_BASELINE" "Prior_hybrid":null "Selection_hybrid":null "Rollout_selection":null "Early_playout_termination":null "Opponent_modelling":false "OM_Threshold":0}, {"Termination_parameter":0 "Gamma":0 "Epsilon":0 "Ucb_c":0 "Rollout_capture":0 "Termination_func_param":0 "POMCP_name":"" "Prior_hybrid":null "Selection_hybrid":null "Rollout_selection":null "Early_playout_termination":null "Opponent_modelling":false "OM_Threshold":0}, [{3 8 false} {23 18 false} {8 13 false} {22 17 false} {13 17 true} {21 17 true} {1 6 false} {24 19 false} {6 11 false} {17 11 true} {2 7 false} {11 7 true} {0 5 false} {7 2 false}], [73136 0 83317 0 196463 0 97615 0 112504 0 143941 0 353606 0], [1 0 5 0 1 0 1 0 3 0 4 0 5 0] 
DPC_GREEDY_VS_BASELINE, greedy, -1, {"Termination_parameter":1000 "Gamma":0.95 "Epsilon":0.05 "Ucb_c":5 "Rollout_capture":0 "Termination_func_param":0 "POMCP_name":"DPC_GREEDY_VS_BASELINE" "Prior_hybrid":null "Selection_hybrid":null "Rollout_selection":null "Early_playout_termination":null "Opponent_modelling":false "OM_Threshold":0}, {"Termination_parameter":0 "Gamma":0 "Epsilon":0 "Ucb_c":0 "Rollout_capture":0 "Termination_func_param":0 "POMCP_name":"" "Prior_hybrid":null "Selection_hybrid":null "Rollout_selection":null "Early_playout_termination":null "Opponent_modelling":false "OM_Threshold":0}, [{1 6 false} {22 17 false} {6 11 false} {17 11 true} {2 7 false} {11 7 true} {3 7 true} {21 16 false} {7 12 false} {16 12 true} {0 5 false} {23 18 false} {5 10 false} {24 19 false} {10 15 false} {19 14 false} {4 9 false} {12 7 false}], [74235 0 82598 0 89400 0 104417 0 135183 0 232901 0 289984 0 479940 0 779049 0], [1 0 5 0 2 0 2 0 8 0 4 0 16 0 25 0 13 0] 
DPC_GREEDY_VS_BASELINE, greedy, 1, {"Termination_parameter":1000 "Gamma":0.95 "Epsilon":0.05 "Ucb_c":5 "Rollout_capture":0 "Termination_func_param":0 "POMCP_name":"DPC_GREEDY_VS_BASELINE" "Prior_hybrid":null "Selection_hybrid":null "Rollout_selection":null "Early_playout_termination":null "Opponent_modelling":false "OM_Threshold":0}, {"Termination_parameter":0 "Gamma":0 "Epsilon":0 "Ucb_c":0 "Rollout_capture":0 "Termination_func_param":0 "POMCP_name":"" "Prior_hybrid":null "Selection_hybrid":null "Rollout_selection":null "Early_playout_termination":null "Opponent_modelling":false "OM_Threshold":0}, [{3 8 false} {21 16 false} {8 13 false} {23 18 false} {2 7 false} {22 17 false} {13 17 true} {24 19 false} {17 22 false}], [73472 0 82152 0 82394 0 189644 0 666220], [1 0 5 0 2 0 2 0 2] 
DPC_GREEDY_VS_BASELINE, greedy, 1, {"Termination_parameter":1000 "Gamma":0.95 "Epsilon":0.05 "Ucb_c":5 "Rollout_capture":0 "Termination_func_param":0 "POMCP_name":"DPC_GREEDY_VS_BASELINE" "Prior_hybrid":null "Selection_hybrid":null "Rollout_selection":null "Early_playout_termination":null "Opponent_modelling":false "OM_Threshold":0}, {"Termination_parameter":0 "Gamma":0 "Epsilon":0 "Ucb_c":0 "Rollout_capture":0 "Termination_func_param":0 "POMCP_name":"" "Prior_hybrid":null "Selection_hybrid":null "Rollout_selection":null "Early_playout_termination":null "Opponent_modelling":false "OM_Threshold":0}, [{3 8 false} {21 16 false} {8 13 false} {23 18 false} {2 7 false} {22 17 false} {13 17 true} {20 15 false} {17 22 false}], [69002 0 80335 0 83590 0 180096 0 664372], [1 0 5 0 2 0 2 0 2] 
DPC_GREEDY_VS_BASELINE, greedy, -1, {"Termination_parameter":1000 "Gamma":0.95 "Epsilon":0.05 "Ucb_c":5 "Rollout_capture":0 "Termination_func_param":0 "POMCP_name":"DPC_GREEDY_VS_BASELINE" "Prior_hybrid":null "Selection_hybrid":null "Rollout_selection":null "Early_playout_termination":null "Opponent_modelling":false "OM_Threshold":0}, {"Termination_parameter":0 "Gamma":0 "Epsilon":0 "Ucb_c":0 "Rollout_capture":0 "Termination_func_param":0 "POMCP_name":"" "Prior_hybrid":null "Selection_hybrid":null "Rollout_selection":null "Early_playout_termination":null "Opponent_modelling":false "OM_Threshold":0}, [{3 8 false} {22 17 false} {8 13 false} {17 13 true} {2 7 false} {13 7 true} {1 7 true} {23 18 false} {7 12 false} {18 12 true} {4 9 false} {21 16 false} {9 14 false} {20 15 false} {14 19 false} {16 11 false} {0 5 false} {11 5 true}], [74218 0 84191 0 93817 0 110677 0 138352 0 234970 0 308437 0 489396 0 750024 0], [1 0 5 0 2 0 2 0 8 0 4 0 16 0 25 0 12 0] 
DPC_GREEDY_VS_BASELINE, greedy, 1, {"Termination_parameter":1000 "Gamma":0.95 "Epsilon":0.05 "Ucb_c":5 "Rollout_capture":0 "Termination_func_param":0 "POMCP_name":"DPC_GREEDY_VS_BASELINE" "Prior_hybrid":null "Selection_hybrid":null "Rollout_selection":null "Early_playout_termination":null "Opponent_modelling":false "OM_Threshold":0}, {"Termination_parameter":0 "Gamma":0 "Epsilon":0 "Ucb_c":0 "Rollout_capture":0 "Termination_func_param":0 "POMCP_name":"" "Prior_hybrid":null "Selection_hybrid":null "Rollout_selection":null "Early_playout_termination":null "Opponent_modelling":false "OM_Threshold":0}, [{1 6 false} {23 18 false} {6 11 false} {21 16 false} {2 7 false} {22 17 false} {11 17 true} {24 19 false} {17 22 false}], [76075 0 84659 0 82496 0 190647 0 675181], [1 0 5 0 2 0 2 0 2] 
DPC_GREEDY_VS_BASELINE, greedy, -1, {"Termination_parameter":1000 "Gamma":0.95 "Epsilon":0.05 "Ucb_c":5 "Rollout_capture":0 "Termination_func_param":0 "POMCP_name":"DPC_GREEDY_VS_BASELINE" "Prior_hybrid":null "Selection_hybrid":null "Rollout_selection":null "Early_playout_termination":null "Opponent_modelling":false "OM_Threshold":0}, {"Termination_parameter":0 "Gamma":0 "Epsilon":0 "Ucb_c":0 "Rollout_capture":0 "Termination_func_param":0 "POMCP_name":"" "Prior_hybrid":null "Selection_hybrid":null "Rollout_selection":null "Early_playout_termination":null "Opponent_modelling":false "OM_Threshold":0}, [{1 6 false} {22 17 false} {6 11 false} {17 11 true} {2 7 false} {11 7 true} {3 7 true} {23 18 false} {7 12 false} {18 12 true} {0 5 false} {21 16 false} {5 10 false} {24 19 false} {10 15 false} {16 11 false} {4 9 false} {19 14 false}], [75110 0 84544 0 89350 0 108171 0 134860 0 229630 0 301182 0 483454 0 867242 0], [1 0 5 0 2 0 2 0 8 0 4 0 16 0 5 0 5 0] 
DPC_GREEDY_VS_BASELINE, greedy, -1, {"Termination_parameter":1000 "Gamma":0.95 "Epsilon":0.05 "Ucb_c":5 "Rollout_capture":0 "Termination_func_param":0 "POMCP_name":"DPC_GREEDY_VS_BASELINE" "Prior_hybrid":null "Selection_hybrid":null "Rollout_selection":null "Early_playout_termination":null "Opponent_modelling":false "OM_Threshold":0}, {"Termination_parameter":0 "Gamma":0 "Epsilon":0 "Ucb_c":0 "Rollout_capture":0 "Termination_func_param":0 "POMCP_name":"" "Prior_hybrid":null "Selection_hybrid":null "Rollout_selection":null "Early_playout_termination":null "Opponent_modelling":false "OM_Threshold":0}, [{1 6 false} {22 17 false} {6 11 false} {17 11 true} {2 7 false} {11 7 true} {3 7 true} {21 16 false} {7 12 false} {16 12 true} {0 5 false} {23 18 false} {5 10 false} {20 15 false} {4 9 false} {24 19 false} {9 14 false} {18 13 false}], [74739 0 82925 0 89950 0 106725 0 137682 0 237815 0 302605 0 465649 0 926238 0], [1 0 5 0 2 0 2 0 8 0 4 0 16 0 5 0 6 0] 
DPC_GREEDY_VS_BASELINE, greedy, 1, {"Termination_parameter":1000 "Gamma":0.95 "Epsilon":0.05 "Ucb_c":5 "Rollout_capture":0 "Termination_func_param":0 "POMCP_name":"DPC_GREEDY_VS_BASELINE" "Prior_hybrid":null "Selection_hybrid":null "Rollout_selection":null "Early_playout_termination":null "Opponent_modelling":false "OM_Threshold":0}, {"Termination_parameter":0 "Gamma":0 "Epsilon":0 "Ucb_c":0 "Rollout_capture":0 "Termination_func_param":0 "POMCP_name":"" "Prior_hybrid":null "Selection_hybrid":null "Rollout_selection":null "Early_playout_termination":null "Opponent_modelling":false "OM_Threshold":0}, [{1 6 false} {21 16 false} {6 11 false} {23 18 false} {2 7 false} {22 17 false} {11 17 true} {24 19 false} {17 22 false}], [73307 0 81820 0 81620 0 184385 0 683787], [1 0 5 0 2 0 2 0 2] 
DPC_GREEDY_VS_BASELINE, greedy, -1, {"Termination_parameter":1000 "Gamma":0.95 "Epsilon":0.05 "Ucb_c":5 "Rollout_capture":0 "Termination_func_param":0 "POMCP_name":"DPC_GREEDY_VS_BASELINE" "Prior_hybrid":null "Selection_hybrid":null "Rollout_selection":null "Early_playout_termination":null "Opponent_modelling":false "OM_Threshold":0}, {"Termination_parameter":0 "Gamma":0 "Epsilon":0 "Ucb_c":0 "Rollout_capture":0 "Termination_func_param":0 "POMCP_name":"" "Prior_hybrid":null "Selection_hybrid":null "Rollout_selection":null "Early_playout_termination":null "Opponent_modelling":false "OM_Threshold":0}, [{1 6 false} {23 18 false} {6 11 false} {22 17 false} {11 17 true} {21 17 true} {3 8 false} {20 15 false} {8 13 false} {17 13 true} {2 7 false} {13 7 true} {4 9 false} {7 2 false}], [75726 0 83685 0 156072 0 96419 0 105808 0 142874 0 356100 0], [1 0 5 0 2 0 3 0 5 0 9 0 9 0] 
DPC_GREEDY_VS_BASELINE, greedy, -1, {"Termination_parameter":1000 "Gamma":0.95 "Epsilon":0.05 "Ucb_c":5 "Rollout_capture":0 "Termination_func_param":0 "POMCP_name":"DPC_GREEDY_VS_BASELINE" "Prior_hybrid":null "Selection_hybrid":null "Rollout_selection":null "Early_playout_termination":null "Opponent_modelling":false "OM_Threshold":0}, {"Termination_parameter":0 "Gamma":0 "Epsilon":0 "Ucb_c":0 "Rollout_capture":0 "Termination_func_param":0 "POMCP_name":"" "Prior_hybrid":null "Selection_hybrid":null "Rollout_selection":null "Early_playout_termination":null "Opponent_modelling":false "OM_Threshold":0}, [{1 6 false} {22 17 false} {6 11 false} {17 11 true} {2 7 false} {11 7 true} {3 7 true} {23 18 false} {7 12 false} {18 12 true} {0 5 false} {21 16 false} {5 10 false} {24 19 false} {10 15 false} {12 7 false} {4 9 false} {7 2 false}], [72010 0 83277 0 92702 0 110312 0 132914 0 226271 0 292104 0 485199 0 864674 0], [1 0 5 0 2 0 2 0 8 0 4 0 16 0 5 0 5 0] 
